sample_alias	cellLine	protocol	flowcell	kit	Platform	file_name	fast5_path	fastq_path	genome_bam_path	transcriptome_bam_path
SGNex_A549_cDNA_replicate1_run2	A549	cDNA	FLO-MIN106	SQK-PCS108	MinION	SGNex_A549_cDNA_replicate1_run2.tar.gz	https://s3.console.aws.amazon.com/s3/buckets/sg-nex-data?region=ap-southeast-1&prefix=data/sequencing_data/fast5/SGNex_A549_cDNA_replicate1_run2/SGNex_A549_cDNA_replicate1_run2.tar.gz	https://s3.console.aws.amazon.com/s3/buckets/sg-nex-data?region=ap-southeast-1&prefix=data/sequencing_data/fastq/SGNex_A549_cDNA_replicate1_run2/SGNex_A549_cDNA_replicate1_run2.fastq.gz	https://s3.console.aws.amazon.com/s3/buckets/sg-nex-data?region=ap-southeast-1&prefix=data/sequencing_data/bam/genome/SGNex_A549_cDNA_replicate1_run2/SGNex_A549_cDNA_replicate1_run2.bam	https://s3.console.aws.amazon.com/s3/buckets/sg-nex-data?region=ap-southeast-1&prefix=data/sequencing_data/bam/genome/SGNex_A549_cDNA_replicate1_run2/SGNex_A549_cDNA_replicate1_run2.bam
SGNex_A549_cDNAStranded_replicate3_run3	A549	cDNAStranded	FLO-MIN106	SQK-PCS109	MinION	SGNex_A549_cDNAStranded_replicate3_run3.tar.gz	https://s3.console.aws.amazon.com/s3/buckets/sg-nex-data?region=ap-southeast-1&prefix=data/sequencing_data/fast5/SGNex_A549_cDNAStranded_replicate3_run3/SGNex_A549_cDNAStranded_replicate3_run3.tar.gz	https://s3.console.aws.amazon.com/s3/buckets/sg-nex-data?region=ap-southeast-1&prefix=data/sequencing_data/fastq/SGNex_A549_cDNAStranded_replicate3_run3/SGNex_A549_cDNAStranded_replicate3_run3.fastq.gz	https://s3.console.aws.amazon.com/s3/buckets/sg-nex-data?region=ap-southeast-1&prefix=data/sequencing_data/bam/genome/SGNex_A549_cDNAStranded_replicate3_run3/SGNex_A549_cDNAStranded_replicate3_run3.bam	https://s3.console.aws.amazon.com/s3/buckets/sg-nex-data?region=ap-southeast-1&prefix=data/sequencing_data/bam/genome/SGNex_A549_cDNAStranded_replicate3_run3/SGNex_A549_cDNAStranded_replicate3_run3.bam
SGNex_A549_cDNAStranded_replicate5_run2	A549	cDNAStranded	FLO-MIN106D	SQK-PCS109	MinION	SGNex_A549_cDNAStranded_replicate5_run2.tar.gz	https://s3.console.aws.amazon.com/s3/buckets/sg-nex-data?region=ap-southeast-1&prefix=data/sequencing_data/fast5/SGNex_A549_cDNAStranded_replicate5_run2/SGNex_A549_cDNAStranded_replicate5_run2.tar.gz	https://s3.console.aws.amazon.com/s3/buckets/sg-nex-data?region=ap-southeast-1&prefix=data/sequencing_data/fastq/SGNex_A549_cDNAStranded_replicate5_run2/SGNex_A549_cDNAStranded_replicate5_run2.fastq.gz	https://s3.console.aws.amazon.com/s3/buckets/sg-nex-data?region=ap-southeast-1&prefix=data/sequencing_data/bam/genome/SGNex_A549_cDNAStranded_replicate5_run2/SGNex_A549_cDNAStranded_replicate5_run2.bam	https://s3.console.aws.amazon.com/s3/buckets/sg-nex-data?region=ap-southeast-1&prefix=data/sequencing_data/bam/genome/SGNex_A549_cDNAStranded_replicate5_run2/SGNex_A549_cDNAStranded_replicate5_run2.bam
SGNex_A549_directcDNA_replicate1_run3	A549	direct-cDNA	FLO-MIN106	SQK-DCS108	GridION	SGNex_A549_directcDNA_replicate1_run3.tar.gz	https://s3.console.aws.amazon.com/s3/buckets/sg-nex-data?region=ap-southeast-1&prefix=data/sequencing_data/fast5/SGNex_A549_directcDNA_replicate1_run3/SGNex_A549_directcDNA_replicate1_run3.tar.gz	https://s3.console.aws.amazon.com/s3/buckets/sg-nex-data?region=ap-southeast-1&prefix=data/sequencing_data/fastq/SGNex_A549_directcDNA_replicate1_run3/SGNex_A549_directcDNA_replicate1_run3.fastq.gz	https://s3.console.aws.amazon.com/s3/buckets/sg-nex-data?region=ap-southeast-1&prefix=data/sequencing_data/bam/genome/SGNex_A549_directcDNA_replicate1_run3/SGNex_A549_directcDNA_replicate1_run3.bam	https://s3.console.aws.amazon.com/s3/buckets/sg-nex-data?region=ap-southeast-1&prefix=data/sequencing_data/bam/genome/SGNex_A549_directcDNA_replicate1_run3/SGNex_A549_directcDNA_replicate1_run3.bam
SGNex_A549_directcDNA_replicate2_run1	A549	direct-cDNA	FLO-MIN106	SQK-DCS108	GridION	SGNex_A549_directcDNA_replicate2_run1.tar.gz	https://s3.console.aws.amazon.com/s3/buckets/sg-nex-data?region=ap-southeast-1&prefix=data/sequencing_data/fast5/SGNex_A549_directcDNA_replicate2_run1/SGNex_A549_directcDNA_replicate2_run1.tar.gz	https://s3.console.aws.amazon.com/s3/buckets/sg-nex-data?region=ap-southeast-1&prefix=data/sequencing_data/fastq/SGNex_A549_directcDNA_replicate2_run1/SGNex_A549_directcDNA_replicate2_run1.fastq.gz	https://s3.console.aws.amazon.com/s3/buckets/sg-nex-data?region=ap-southeast-1&prefix=data/sequencing_data/bam/genome/SGNex_A549_directcDNA_replicate2_run1/SGNex_A549_directcDNA_replicate2_run1.bam	https://s3.console.aws.amazon.com/s3/buckets/sg-nex-data?region=ap-southeast-1&prefix=data/sequencing_data/bam/genome/SGNex_A549_directcDNA_replicate2_run1/SGNex_A549_directcDNA_replicate2_run1.bam
SGNex_A549_directcDNA_replicate3_run1	A549	direct-cDNA	FLO-MIN106	SQK-DCS108	MinION	SGNex_A549_directcDNA_replicate3_run1.tar.gz	https://s3.console.aws.amazon.com/s3/buckets/sg-nex-data?region=ap-southeast-1&prefix=data/sequencing_data/fast5/SGNex_A549_directcDNA_replicate3_run1/SGNex_A549_directcDNA_replicate3_run1.tar.gz	https://s3.console.aws.amazon.com/s3/buckets/sg-nex-data?region=ap-southeast-1&prefix=data/sequencing_data/fastq/SGNex_A549_directcDNA_replicate3_run1/SGNex_A549_directcDNA_replicate3_run1.fastq.gz	https://s3.console.aws.amazon.com/s3/buckets/sg-nex-data?region=ap-southeast-1&prefix=data/sequencing_data/bam/genome/SGNex_A549_directcDNA_replicate3_run1/SGNex_A549_directcDNA_replicate3_run1.bam	https://s3.console.aws.amazon.com/s3/buckets/sg-nex-data?region=ap-southeast-1&prefix=data/sequencing_data/bam/genome/SGNex_A549_directcDNA_replicate3_run1/SGNex_A549_directcDNA_replicate3_run1.bam
SGNex_A549_directcDNA_replicate3_run2	A549	direct-cDNA	FLO-MIN106	SQK-DCS108	GridION	SGNex_A549_directcDNA_replicate3_run2.tar.gz	https://s3.console.aws.amazon.com/s3/buckets/sg-nex-data?region=ap-southeast-1&prefix=data/sequencing_data/fast5/SGNex_A549_directcDNA_replicate3_run2/SGNex_A549_directcDNA_replicate3_run2.tar.gz	https://s3.console.aws.amazon.com/s3/buckets/sg-nex-data?region=ap-southeast-1&prefix=data/sequencing_data/fastq/SGNex_A549_directcDNA_replicate3_run2/SGNex_A549_directcDNA_replicate3_run2.fastq.gz	https://s3.console.aws.amazon.com/s3/buckets/sg-nex-data?region=ap-southeast-1&prefix=data/sequencing_data/bam/genome/SGNex_A549_directcDNA_replicate3_run2/SGNex_A549_directcDNA_replicate3_run2.bam	https://s3.console.aws.amazon.com/s3/buckets/sg-nex-data?region=ap-southeast-1&prefix=data/sequencing_data/bam/genome/SGNex_A549_directcDNA_replicate3_run2/SGNex_A549_directcDNA_replicate3_run2.bam
SGNex_A549_directcDNA_replicate5_run3	A549	direct-cDNA	FLO-MIN106D	SQK-DCS109	GridION	SGNex_A549_directcDNA_replicate5_run3.tar.gz	https://s3.console.aws.amazon.com/s3/buckets/sg-nex-data?region=ap-southeast-1&prefix=data/sequencing_data/fast5/SGNex_A549_directcDNA_replicate5_run3/SGNex_A549_directcDNA_replicate5_run3.tar.gz	https://s3.console.aws.amazon.com/s3/buckets/sg-nex-data?region=ap-southeast-1&prefix=data/sequencing_data/fastq/SGNex_A549_directcDNA_replicate5_run3/SGNex_A549_directcDNA_replicate5_run3.fastq.gz	https://s3.console.aws.amazon.com/s3/buckets/sg-nex-data?region=ap-southeast-1&prefix=data/sequencing_data/bam/genome/SGNex_A549_directcDNA_replicate5_run3/SGNex_A549_directcDNA_replicate5_run3.bam	https://s3.console.aws.amazon.com/s3/buckets/sg-nex-data?region=ap-southeast-1&prefix=data/sequencing_data/bam/genome/SGNex_A549_directcDNA_replicate5_run3/SGNex_A549_directcDNA_replicate5_run3.bam
SGNex_A549_directRNA_replicate1_run1	A549	directRNA	FLO-MIN106	SQK-RNA001	GridION	SGNex_A549_directRNA_replicate1_run1.tar.gz	https://s3.console.aws.amazon.com/s3/buckets/sg-nex-data?region=ap-southeast-1&prefix=data/sequencing_data/fast5/SGNex_A549_directRNA_replicate1_run1/SGNex_A549_directRNA_replicate1_run1.tar.gz	https://s3.console.aws.amazon.com/s3/buckets/sg-nex-data?region=ap-southeast-1&prefix=data/sequencing_data/fastq/SGNex_A549_directRNA_replicate1_run1/SGNex_A549_directRNA_replicate1_run1.fastq.gz	https://s3.console.aws.amazon.com/s3/buckets/sg-nex-data?region=ap-southeast-1&prefix=data/sequencing_data/bam/genome/SGNex_A549_directRNA_replicate1_run1/SGNex_A549_directRNA_replicate1_run1.bam	https://s3.console.aws.amazon.com/s3/buckets/sg-nex-data?region=ap-southeast-1&prefix=data/sequencing_data/bam/genome/SGNex_A549_directRNA_replicate1_run1/SGNex_A549_directRNA_replicate1_run1.bam
SGNex_A549_directRNA_replicate4_run1	A549	directRNA	FLO-PRO002	SQK-RNA002	PromethION	SGNex_A549_directRNA_replicate4_run1.tar.gz	https://s3.console.aws.amazon.com/s3/buckets/sg-nex-data?region=ap-southeast-1&prefix=data/sequencing_data/fast5/SGNex_A549_directRNA_replicate4_run1/SGNex_A549_directRNA_replicate4_run1.tar.gz	https://s3.console.aws.amazon.com/s3/buckets/sg-nex-data?region=ap-southeast-1&prefix=data/sequencing_data/fastq/SGNex_A549_directRNA_replicate4_run1/SGNex_A549_directRNA_replicate4_run1.fastq.gz	https://s3.console.aws.amazon.com/s3/buckets/sg-nex-data?region=ap-southeast-1&prefix=data/sequencing_data/bam/genome/SGNex_A549_directRNA_replicate4_run1/SGNex_A549_directRNA_replicate4_run1.bam	https://s3.console.aws.amazon.com/s3/buckets/sg-nex-data?region=ap-southeast-1&prefix=data/sequencing_data/bam/genome/SGNex_A549_directRNA_replicate4_run1/SGNex_A549_directRNA_replicate4_run1.bam
SGNex_A549_directRNA_replicate5_run1	A549	directRNA	FLO-MIN106D	SQK-RNA002	MinION	SGNex_A549_directRNA_replicate5_run1.tar.gz	https://s3.console.aws.amazon.com/s3/buckets/sg-nex-data?region=ap-southeast-1&prefix=data/sequencing_data/fast5/SGNex_A549_directRNA_replicate5_run1/SGNex_A549_directRNA_replicate5_run1.tar.gz	https://s3.console.aws.amazon.com/s3/buckets/sg-nex-data?region=ap-southeast-1&prefix=data/sequencing_data/fastq/SGNex_A549_directRNA_replicate5_run1/SGNex_A549_directRNA_replicate5_run1.fastq.gz	https://s3.console.aws.amazon.com/s3/buckets/sg-nex-data?region=ap-southeast-1&prefix=data/sequencing_data/bam/genome/SGNex_A549_directRNA_replicate5_run1/SGNex_A549_directRNA_replicate5_run1.bam	https://s3.console.aws.amazon.com/s3/buckets/sg-nex-data?region=ap-southeast-1&prefix=data/sequencing_data/bam/genome/SGNex_A549_directRNA_replicate5_run1/SGNex_A549_directRNA_replicate5_run1.bam
SGNex_A549_directRNA_replicate6_run1	A549	directRNA	FLO-MIN106D	SQK-RNA002	GridION	SGNex_A549_directRNA_replicate6_run1.tar.gz	https://s3.console.aws.amazon.com/s3/buckets/sg-nex-data?region=ap-southeast-1&prefix=data/sequencing_data/fast5/SGNex_A549_directRNA_replicate6_run1/SGNex_A549_directRNA_replicate6_run1.tar.gz	https://s3.console.aws.amazon.com/s3/buckets/sg-nex-data?region=ap-southeast-1&prefix=data/sequencing_data/fastq/SGNex_A549_directRNA_replicate6_run1/SGNex_A549_directRNA_replicate6_run1.fastq.gz	https://s3.console.aws.amazon.com/s3/buckets/sg-nex-data?region=ap-southeast-1&prefix=data/sequencing_data/bam/genome/SGNex_A549_directRNA_replicate6_run1/SGNex_A549_directRNA_replicate6_run1.bam	https://s3.console.aws.amazon.com/s3/buckets/sg-nex-data?region=ap-southeast-1&prefix=data/sequencing_data/bam/genome/SGNex_A549_directRNA_replicate6_run1/SGNex_A549_directRNA_replicate6_run1.bam
SGNex_H9_directcDNA_replicate1_run2	H9	direct-cDNA	FLO-MIN106	SQK-DCS108	MinION	SGNex_H9_directcDNA_replicate1_run2.tar.gz	https://s3.console.aws.amazon.com/s3/buckets/sg-nex-data?region=ap-southeast-1&prefix=data/sequencing_data/fast5/SGNex_H9_directcDNA_replicate1_run2/SGNex_H9_directcDNA_replicate1_run2.tar.gz	https://s3.console.aws.amazon.com/s3/buckets/sg-nex-data?region=ap-southeast-1&prefix=data/sequencing_data/fastq/SGNex_H9_directcDNA_replicate1_run2/SGNex_H9_directcDNA_replicate1_run2.fastq.gz	https://s3.console.aws.amazon.com/s3/buckets/sg-nex-data?region=ap-southeast-1&prefix=data/sequencing_data/bam/genome/SGNex_H9_directcDNA_replicate1_run2/SGNex_H9_directcDNA_replicate1_run2.bam	https://s3.console.aws.amazon.com/s3/buckets/sg-nex-data?region=ap-southeast-1&prefix=data/sequencing_data/bam/genome/SGNex_H9_directcDNA_replicate1_run2/SGNex_H9_directcDNA_replicate1_run2.bam
SGNex_H9_directcDNA_replicate1_run2	H9	direct-cDNA	FLO-MIN106	SQK-DCS108	MinION	SGNex_H9_directcDNA_replicate1_run2.tar.gz	https://s3.console.aws.amazon.com/s3/buckets/sg-nex-data?region=ap-southeast-1&prefix=data/sequencing_data/fast5/SGNex_H9_directcDNA_replicate1_run2/SGNex_H9_directcDNA_replicate1_run2.tar.gz	https://s3.console.aws.amazon.com/s3/buckets/sg-nex-data?region=ap-southeast-1&prefix=data/sequencing_data/fastq/SGNex_H9_directcDNA_replicate1_run2/SGNex_H9_directcDNA_replicate1_run2.fastq.gz	https://s3.console.aws.amazon.com/s3/buckets/sg-nex-data?region=ap-southeast-1&prefix=data/sequencing_data/bam/genome/SGNex_H9_directcDNA_replicate1_run2/SGNex_H9_directcDNA_replicate1_run2.bam	https://s3.console.aws.amazon.com/s3/buckets/sg-nex-data?region=ap-southeast-1&prefix=data/sequencing_data/bam/genome/SGNex_H9_directcDNA_replicate1_run2/SGNex_H9_directcDNA_replicate1_run2.bam
SGNex_H9_directRNA_replicate1_run1	H9	directRNA	FLO-MIN106	SQK-RNA001	MinION	SGNex_H9_directRNA_replicate1_run1.tar.gz	https://s3.console.aws.amazon.com/s3/buckets/sg-nex-data?region=ap-southeast-1&prefix=data/sequencing_data/fast5/SGNex_H9_directRNA_replicate1_run1/SGNex_H9_directRNA_replicate1_run1.tar.gz	https://s3.console.aws.amazon.com/s3/buckets/sg-nex-data?region=ap-southeast-1&prefix=data/sequencing_data/fastq/SGNex_H9_directRNA_replicate1_run1/SGNex_H9_directRNA_replicate1_run1.fastq.gz	https://s3.console.aws.amazon.com/s3/buckets/sg-nex-data?region=ap-southeast-1&prefix=data/sequencing_data/bam/genome/SGNex_H9_directRNA_replicate1_run1/SGNex_H9_directRNA_replicate1_run1.bam	https://s3.console.aws.amazon.com/s3/buckets/sg-nex-data?region=ap-southeast-1&prefix=data/sequencing_data/bam/genome/SGNex_H9_directRNA_replicate1_run1/SGNex_H9_directRNA_replicate1_run1.bam
SGNex_H9_directRNA_replicate1_run1	H9	directRNA	FLO-MIN106	SQK-RNA001	MinION	SGNex_H9_directRNA_replicate1_run1.tar.gz	https://s3.console.aws.amazon.com/s3/buckets/sg-nex-data?region=ap-southeast-1&prefix=data/sequencing_data/fast5/SGNex_H9_directRNA_replicate1_run1/SGNex_H9_directRNA_replicate1_run1.tar.gz	https://s3.console.aws.amazon.com/s3/buckets/sg-nex-data?region=ap-southeast-1&prefix=data/sequencing_data/fastq/SGNex_H9_directRNA_replicate1_run1/SGNex_H9_directRNA_replicate1_run1.fastq.gz	https://s3.console.aws.amazon.com/s3/buckets/sg-nex-data?region=ap-southeast-1&prefix=data/sequencing_data/bam/genome/SGNex_H9_directRNA_replicate1_run1/SGNex_H9_directRNA_replicate1_run1.bam	https://s3.console.aws.amazon.com/s3/buckets/sg-nex-data?region=ap-southeast-1&prefix=data/sequencing_data/bam/genome/SGNex_H9_directRNA_replicate1_run1/SGNex_H9_directRNA_replicate1_run1.bam
SGNex_Hct116_cDNA_replicate1_run6	Hct116	cDNA	FLO-MIN106	SQK-PCS108	MinION	SGNex_Hct116_cDNA_replicate1_run6.tar.gz	https://s3.console.aws.amazon.com/s3/buckets/sg-nex-data?region=ap-southeast-1&prefix=data/sequencing_data/fast5/SGNex_Hct116_cDNA_replicate1_run6/SGNex_Hct116_cDNA_replicate1_run6.tar.gz	https://s3.console.aws.amazon.com/s3/buckets/sg-nex-data?region=ap-southeast-1&prefix=data/sequencing_data/fastq/SGNex_Hct116_cDNA_replicate1_run6/SGNex_Hct116_cDNA_replicate1_run6.fastq.gz	https://s3.console.aws.amazon.com/s3/buckets/sg-nex-data?region=ap-southeast-1&prefix=data/sequencing_data/bam/genome/SGNex_Hct116_cDNA_replicate1_run6/SGNex_Hct116_cDNA_replicate1_run6.bam	https://s3.console.aws.amazon.com/s3/buckets/sg-nex-data?region=ap-southeast-1&prefix=data/sequencing_data/bam/genome/SGNex_Hct116_cDNA_replicate1_run6/SGNex_Hct116_cDNA_replicate1_run6.bam
SGNex_Hct116_cDNA_replicate3_run3	Hct116	cDNA	FLO-MIN106D	SQK-PCS109	GridION	SGNex_Hct116_cDNA_replicate3_run3.tar.gz	https://s3.console.aws.amazon.com/s3/buckets/sg-nex-data?region=ap-southeast-1&prefix=data/sequencing_data/fast5/SGNex_Hct116_cDNA_replicate3_run3/SGNex_Hct116_cDNA_replicate3_run3.tar.gz	https://s3.console.aws.amazon.com/s3/buckets/sg-nex-data?region=ap-southeast-1&prefix=data/sequencing_data/fastq/SGNex_Hct116_cDNA_replicate3_run3/SGNex_Hct116_cDNA_replicate3_run3.fastq.gz	https://s3.console.aws.amazon.com/s3/buckets/sg-nex-data?region=ap-southeast-1&prefix=data/sequencing_data/bam/genome/SGNex_Hct116_cDNA_replicate3_run3/SGNex_Hct116_cDNA_replicate3_run3.bam	https://s3.console.aws.amazon.com/s3/buckets/sg-nex-data?region=ap-southeast-1&prefix=data/sequencing_data/bam/genome/SGNex_Hct116_cDNA_replicate3_run3/SGNex_Hct116_cDNA_replicate3_run3.bam
SGNex_Hct116_cDNA_replicate4_run2	Hct116	cDNA	FLO-MIN106D	SQK-PCS109	GridION	SGNex_Hct116_cDNA_replicate4_run2.tar.gz	https://s3.console.aws.amazon.com/s3/buckets/sg-nex-data?region=ap-southeast-1&prefix=data/sequencing_data/fast5/SGNex_Hct116_cDNA_replicate4_run2/SGNex_Hct116_cDNA_replicate4_run2.tar.gz	https://s3.console.aws.amazon.com/s3/buckets/sg-nex-data?region=ap-southeast-1&prefix=data/sequencing_data/fastq/SGNex_Hct116_cDNA_replicate4_run2/SGNex_Hct116_cDNA_replicate4_run2.fastq.gz	https://s3.console.aws.amazon.com/s3/buckets/sg-nex-data?region=ap-southeast-1&prefix=data/sequencing_data/bam/genome/SGNex_Hct116_cDNA_replicate4_run2/SGNex_Hct116_cDNA_replicate4_run2.bam	https://s3.console.aws.amazon.com/s3/buckets/sg-nex-data?region=ap-southeast-1&prefix=data/sequencing_data/bam/genome/SGNex_Hct116_cDNA_replicate4_run2/SGNex_Hct116_cDNA_replicate4_run2.bam
SGNex_Hct116_directcDNA_replicate1_run4	Hct116	direct-cDNA	FLO-MIN107	SQK-DCS108	MinION	SGNex_Hct116_directcDNA_replicate1_run4.tar.gz	https://s3.console.aws.amazon.com/s3/buckets/sg-nex-data?region=ap-southeast-1&prefix=data/sequencing_data/fast5/SGNex_Hct116_directcDNA_replicate1_run4/SGNex_Hct116_directcDNA_replicate1_run4.tar.gz	https://s3.console.aws.amazon.com/s3/buckets/sg-nex-data?region=ap-southeast-1&prefix=data/sequencing_data/fastq/SGNex_Hct116_directcDNA_replicate1_run4/SGNex_Hct116_directcDNA_replicate1_run4.fastq.gz	https://s3.console.aws.amazon.com/s3/buckets/sg-nex-data?region=ap-southeast-1&prefix=data/sequencing_data/bam/genome/SGNex_Hct116_directcDNA_replicate1_run4/SGNex_Hct116_directcDNA_replicate1_run4.bam	https://s3.console.aws.amazon.com/s3/buckets/sg-nex-data?region=ap-southeast-1&prefix=data/sequencing_data/bam/genome/SGNex_Hct116_directcDNA_replicate1_run4/SGNex_Hct116_directcDNA_replicate1_run4.bam
SGNex_Hct116_directcDNA_replicate1_run5	Hct116	direct-cDNA	FLO-MIN107	SQK-DCS108	MinION	SGNex_Hct116_directcDNA_replicate1_run5.tar.gz	https://s3.console.aws.amazon.com/s3/buckets/sg-nex-data?region=ap-southeast-1&prefix=data/sequencing_data/fast5/SGNex_Hct116_directcDNA_replicate1_run5/SGNex_Hct116_directcDNA_replicate1_run5.tar.gz	https://s3.console.aws.amazon.com/s3/buckets/sg-nex-data?region=ap-southeast-1&prefix=data/sequencing_data/fastq/SGNex_Hct116_directcDNA_replicate1_run5/SGNex_Hct116_directcDNA_replicate1_run5.fastq.gz	https://s3.console.aws.amazon.com/s3/buckets/sg-nex-data?region=ap-southeast-1&prefix=data/sequencing_data/bam/genome/SGNex_Hct116_directcDNA_replicate1_run5/SGNex_Hct116_directcDNA_replicate1_run5.bam	https://s3.console.aws.amazon.com/s3/buckets/sg-nex-data?region=ap-southeast-1&prefix=data/sequencing_data/bam/genome/SGNex_Hct116_directcDNA_replicate1_run5/SGNex_Hct116_directcDNA_replicate1_run5.bam
SGNex_Hct116_directcDNA_replicate3_run2	Hct116	direct-cDNA	FLO-MIN106D	SQK-DCS109	GridION	SGNex_Hct116_directcDNA_replicate3_run2.tar.gz	https://s3.console.aws.amazon.com/s3/buckets/sg-nex-data?region=ap-southeast-1&prefix=data/sequencing_data/fast5/SGNex_Hct116_directcDNA_replicate3_run2/SGNex_Hct116_directcDNA_replicate3_run2.tar.gz	https://s3.console.aws.amazon.com/s3/buckets/sg-nex-data?region=ap-southeast-1&prefix=data/sequencing_data/fastq/SGNex_Hct116_directcDNA_replicate3_run2/SGNex_Hct116_directcDNA_replicate3_run2.fastq.gz	https://s3.console.aws.amazon.com/s3/buckets/sg-nex-data?region=ap-southeast-1&prefix=data/sequencing_data/bam/genome/SGNex_Hct116_directcDNA_replicate3_run2/SGNex_Hct116_directcDNA_replicate3_run2.bam	https://s3.console.aws.amazon.com/s3/buckets/sg-nex-data?region=ap-southeast-1&prefix=data/sequencing_data/bam/genome/SGNex_Hct116_directcDNA_replicate3_run2/SGNex_Hct116_directcDNA_replicate3_run2.bam
SGNex_Hct116_directcDNA_replicate4_run1	Hct116	direct-cDNA	FLO-MIN106D	SQK-DCS109	GridION	SGNex_Hct116_directcDNA_replicate4_run1.tar.gz	https://s3.console.aws.amazon.com/s3/buckets/sg-nex-data?region=ap-southeast-1&prefix=data/sequencing_data/fast5/SGNex_Hct116_directcDNA_replicate4_run1/SGNex_Hct116_directcDNA_replicate4_run1.tar.gz	https://s3.console.aws.amazon.com/s3/buckets/sg-nex-data?region=ap-southeast-1&prefix=data/sequencing_data/fastq/SGNex_Hct116_directcDNA_replicate4_run1/SGNex_Hct116_directcDNA_replicate4_run1.fastq.gz	https://s3.console.aws.amazon.com/s3/buckets/sg-nex-data?region=ap-southeast-1&prefix=data/sequencing_data/bam/genome/SGNex_Hct116_directcDNA_replicate4_run1/SGNex_Hct116_directcDNA_replicate4_run1.bam	https://s3.console.aws.amazon.com/s3/buckets/sg-nex-data?region=ap-southeast-1&prefix=data/sequencing_data/bam/genome/SGNex_Hct116_directcDNA_replicate4_run1/SGNex_Hct116_directcDNA_replicate4_run1.bam
SGNex_Hct116_directcDNA_replicate5_run1	Hct116	direct-cDNA	FLO-MIN106D	SQK-DCS109	GridION	SGNex_Hct116_directcDNA_replicate5_run1.tar.gz	https://s3.console.aws.amazon.com/s3/buckets/sg-nex-data?region=ap-southeast-1&prefix=data/sequencing_data/fast5/SGNex_Hct116_directcDNA_replicate5_run1/SGNex_Hct116_directcDNA_replicate5_run1.tar.gz	https://s3.console.aws.amazon.com/s3/buckets/sg-nex-data?region=ap-southeast-1&prefix=data/sequencing_data/fastq/SGNex_Hct116_directcDNA_replicate5_run1/SGNex_Hct116_directcDNA_replicate5_run1.fastq.gz	https://s3.console.aws.amazon.com/s3/buckets/sg-nex-data?region=ap-southeast-1&prefix=data/sequencing_data/bam/genome/SGNex_Hct116_directcDNA_replicate5_run1/SGNex_Hct116_directcDNA_replicate5_run1.bam	https://s3.console.aws.amazon.com/s3/buckets/sg-nex-data?region=ap-southeast-1&prefix=data/sequencing_data/bam/genome/SGNex_Hct116_directcDNA_replicate5_run1/SGNex_Hct116_directcDNA_replicate5_run1.bam
SGNex_Hct116_directRNA_replicate1_run1	Hct116	directRNA	FLO-MIN106	SQK-RNA001	MinION	SGNex_Hct116_directRNA_replicate1_run1.tar.gz	https://s3.console.aws.amazon.com/s3/buckets/sg-nex-data?region=ap-southeast-1&prefix=data/sequencing_data/fast5/SGNex_Hct116_directRNA_replicate1_run1/SGNex_Hct116_directRNA_replicate1_run1.tar.gz	https://s3.console.aws.amazon.com/s3/buckets/sg-nex-data?region=ap-southeast-1&prefix=data/sequencing_data/fastq/SGNex_Hct116_directRNA_replicate1_run1/SGNex_Hct116_directRNA_replicate1_run1.fastq.gz	https://s3.console.aws.amazon.com/s3/buckets/sg-nex-data?region=ap-southeast-1&prefix=data/sequencing_data/bam/genome/SGNex_Hct116_directRNA_replicate1_run1/SGNex_Hct116_directRNA_replicate1_run1.bam	https://s3.console.aws.amazon.com/s3/buckets/sg-nex-data?region=ap-southeast-1&prefix=data/sequencing_data/bam/genome/SGNex_Hct116_directRNA_replicate1_run1/SGNex_Hct116_directRNA_replicate1_run1.bam
SGNex_Hct116_directRNA_replicate1_run2	Hct116	directRNA	FLO-MIN106	SQK-RNA001	MinION	SGNex_Hct116_directRNA_replicate1_run2.tar.gz	https://s3.console.aws.amazon.com/s3/buckets/sg-nex-data?region=ap-southeast-1&prefix=data/sequencing_data/fast5/SGNex_Hct116_directRNA_replicate1_run2/SGNex_Hct116_directRNA_replicate1_run2.tar.gz	https://s3.console.aws.amazon.com/s3/buckets/sg-nex-data?region=ap-southeast-1&prefix=data/sequencing_data/fastq/SGNex_Hct116_directRNA_replicate1_run2/SGNex_Hct116_directRNA_replicate1_run2.fastq.gz	https://s3.console.aws.amazon.com/s3/buckets/sg-nex-data?region=ap-southeast-1&prefix=data/sequencing_data/bam/genome/SGNex_Hct116_directRNA_replicate1_run2/SGNex_Hct116_directRNA_replicate1_run2.bam	https://s3.console.aws.amazon.com/s3/buckets/sg-nex-data?region=ap-southeast-1&prefix=data/sequencing_data/bam/genome/SGNex_Hct116_directRNA_replicate1_run2/SGNex_Hct116_directRNA_replicate1_run2.bam
SGNex_Hct116_directRNA_replicate1_run3	Hct116	directRNA	FLO-MIN106	SQK-RNA001	MinION	SGNex_Hct116_directRNA_replicate1_run3.tar.gz	https://s3.console.aws.amazon.com/s3/buckets/sg-nex-data?region=ap-southeast-1&prefix=data/sequencing_data/fast5/SGNex_Hct116_directRNA_replicate1_run3/SGNex_Hct116_directRNA_replicate1_run3.tar.gz	https://s3.console.aws.amazon.com/s3/buckets/sg-nex-data?region=ap-southeast-1&prefix=data/sequencing_data/fastq/SGNex_Hct116_directRNA_replicate1_run3/SGNex_Hct116_directRNA_replicate1_run3.fastq.gz	https://s3.console.aws.amazon.com/s3/buckets/sg-nex-data?region=ap-southeast-1&prefix=data/sequencing_data/bam/genome/SGNex_Hct116_directRNA_replicate1_run3/SGNex_Hct116_directRNA_replicate1_run3.bam	https://s3.console.aws.amazon.com/s3/buckets/sg-nex-data?region=ap-southeast-1&prefix=data/sequencing_data/bam/genome/SGNex_Hct116_directRNA_replicate1_run3/SGNex_Hct116_directRNA_replicate1_run3.bam
SGNex_Hct116_directRNA_replicate2_run1	Hct116	directRNA	FLO-MIN107	SQK-RNA001	MinION	SGNex_Hct116_directRNA_replicate2_run1.tar.gz	https://s3.console.aws.amazon.com/s3/buckets/sg-nex-data?region=ap-southeast-1&prefix=data/sequencing_data/fast5/SGNex_Hct116_directRNA_replicate2_run1/SGNex_Hct116_directRNA_replicate2_run1.tar.gz	https://s3.console.aws.amazon.com/s3/buckets/sg-nex-data?region=ap-southeast-1&prefix=data/sequencing_data/fastq/SGNex_Hct116_directRNA_replicate2_run1/SGNex_Hct116_directRNA_replicate2_run1.fastq.gz	https://s3.console.aws.amazon.com/s3/buckets/sg-nex-data?region=ap-southeast-1&prefix=data/sequencing_data/bam/genome/SGNex_Hct116_directRNA_replicate2_run1/SGNex_Hct116_directRNA_replicate2_run1.bam	https://s3.console.aws.amazon.com/s3/buckets/sg-nex-data?region=ap-southeast-1&prefix=data/sequencing_data/bam/genome/SGNex_Hct116_directRNA_replicate2_run1/SGNex_Hct116_directRNA_replicate2_run1.bam
SGNex_Hct116_directRNA_replicate2_run2	Hct116	directRNA	FLO-MIN107	SQK-RNA001	MinION	SGNex_Hct116_directRNA_replicate2_run2.tar.gz	https://s3.console.aws.amazon.com/s3/buckets/sg-nex-data?region=ap-southeast-1&prefix=data/sequencing_data/fast5/SGNex_Hct116_directRNA_replicate2_run2/SGNex_Hct116_directRNA_replicate2_run2.tar.gz	https://s3.console.aws.amazon.com/s3/buckets/sg-nex-data?region=ap-southeast-1&prefix=data/sequencing_data/fastq/SGNex_Hct116_directRNA_replicate2_run2/SGNex_Hct116_directRNA_replicate2_run2.fastq.gz	https://s3.console.aws.amazon.com/s3/buckets/sg-nex-data?region=ap-southeast-1&prefix=data/sequencing_data/bam/genome/SGNex_Hct116_directRNA_replicate2_run2/SGNex_Hct116_directRNA_replicate2_run2.bam	https://s3.console.aws.amazon.com/s3/buckets/sg-nex-data?region=ap-southeast-1&prefix=data/sequencing_data/bam/genome/SGNex_Hct116_directRNA_replicate2_run2/SGNex_Hct116_directRNA_replicate2_run2.bam
SGNex_Hct116_directRNA_replicate2_run3	Hct116	directRNA	FLO-MIN107	SQK-RNA001	MinION	SGNex_Hct116_directRNA_replicate2_run3.tar.gz	https://s3.console.aws.amazon.com/s3/buckets/sg-nex-data?region=ap-southeast-1&prefix=data/sequencing_data/fast5/SGNex_Hct116_directRNA_replicate2_run3/SGNex_Hct116_directRNA_replicate2_run3.tar.gz	https://s3.console.aws.amazon.com/s3/buckets/sg-nex-data?region=ap-southeast-1&prefix=data/sequencing_data/fastq/SGNex_Hct116_directRNA_replicate2_run3/SGNex_Hct116_directRNA_replicate2_run3.fastq.gz	https://s3.console.aws.amazon.com/s3/buckets/sg-nex-data?region=ap-southeast-1&prefix=data/sequencing_data/bam/genome/SGNex_Hct116_directRNA_replicate2_run3/SGNex_Hct116_directRNA_replicate2_run3.bam	https://s3.console.aws.amazon.com/s3/buckets/sg-nex-data?region=ap-southeast-1&prefix=data/sequencing_data/bam/genome/SGNex_Hct116_directRNA_replicate2_run3/SGNex_Hct116_directRNA_replicate2_run3.bam
SGNex_Hct116_directRNA_replicate2_run4	Hct116	directRNA	FLO-MIN106	SQK-RNA001	MinION	SGNex_Hct116_directRNA_replicate2_run4.tar.gz	https://s3.console.aws.amazon.com/s3/buckets/sg-nex-data?region=ap-southeast-1&prefix=data/sequencing_data/fast5/SGNex_Hct116_directRNA_replicate2_run4/SGNex_Hct116_directRNA_replicate2_run4.tar.gz	https://s3.console.aws.amazon.com/s3/buckets/sg-nex-data?region=ap-southeast-1&prefix=data/sequencing_data/fastq/SGNex_Hct116_directRNA_replicate2_run4/SGNex_Hct116_directRNA_replicate2_run4.fastq.gz	https://s3.console.aws.amazon.com/s3/buckets/sg-nex-data?region=ap-southeast-1&prefix=data/sequencing_data/bam/genome/SGNex_Hct116_directRNA_replicate2_run4/SGNex_Hct116_directRNA_replicate2_run4.bam	https://s3.console.aws.amazon.com/s3/buckets/sg-nex-data?region=ap-southeast-1&prefix=data/sequencing_data/bam/genome/SGNex_Hct116_directRNA_replicate2_run4/SGNex_Hct116_directRNA_replicate2_run4.bam
SGNex_Hct116_directRNA_replicate2_run5	Hct116	directRNA	FLO-MIN106	SQK-RNA001	MinION	SGNex_Hct116_directRNA_replicate2_run5.tar.gz	https://s3.console.aws.amazon.com/s3/buckets/sg-nex-data?region=ap-southeast-1&prefix=data/sequencing_data/fast5/SGNex_Hct116_directRNA_replicate2_run5/SGNex_Hct116_directRNA_replicate2_run5.tar.gz	https://s3.console.aws.amazon.com/s3/buckets/sg-nex-data?region=ap-southeast-1&prefix=data/sequencing_data/fastq/SGNex_Hct116_directRNA_replicate2_run5/SGNex_Hct116_directRNA_replicate2_run5.fastq.gz	https://s3.console.aws.amazon.com/s3/buckets/sg-nex-data?region=ap-southeast-1&prefix=data/sequencing_data/bam/genome/SGNex_Hct116_directRNA_replicate2_run5/SGNex_Hct116_directRNA_replicate2_run5.bam	https://s3.console.aws.amazon.com/s3/buckets/sg-nex-data?region=ap-southeast-1&prefix=data/sequencing_data/bam/genome/SGNex_Hct116_directRNA_replicate2_run5/SGNex_Hct116_directRNA_replicate2_run5.bam
SGNex_Hct116_directRNA_replicate2_run6	Hct116	directRNA	FLO-MIN106	SQK-RNA001	MinION	SGNex_Hct116_directRNA_replicate2_run6.tar.gz	https://s3.console.aws.amazon.com/s3/buckets/sg-nex-data?region=ap-southeast-1&prefix=data/sequencing_data/fast5/SGNex_Hct116_directRNA_replicate2_run6/SGNex_Hct116_directRNA_replicate2_run6.tar.gz	https://s3.console.aws.amazon.com/s3/buckets/sg-nex-data?region=ap-southeast-1&prefix=data/sequencing_data/fastq/SGNex_Hct116_directRNA_replicate2_run6/SGNex_Hct116_directRNA_replicate2_run6.fastq.gz	https://s3.console.aws.amazon.com/s3/buckets/sg-nex-data?region=ap-southeast-1&prefix=data/sequencing_data/bam/genome/SGNex_Hct116_directRNA_replicate2_run6/SGNex_Hct116_directRNA_replicate2_run6.bam	https://s3.console.aws.amazon.com/s3/buckets/sg-nex-data?region=ap-southeast-1&prefix=data/sequencing_data/bam/genome/SGNex_Hct116_directRNA_replicate2_run6/SGNex_Hct116_directRNA_replicate2_run6.bam
SGNex_Hct116_directRNA_replicate3_run1	Hct116	directRNA	FLO-MIN106D	SQK-RNA002	GridION	SGNex_Hct116_directRNA_replicate3_run1.tar.gz	https://s3.console.aws.amazon.com/s3/buckets/sg-nex-data?region=ap-southeast-1&prefix=data/sequencing_data/fast5/SGNex_Hct116_directRNA_replicate3_run1/SGNex_Hct116_directRNA_replicate3_run1.tar.gz	https://s3.console.aws.amazon.com/s3/buckets/sg-nex-data?region=ap-southeast-1&prefix=data/sequencing_data/fastq/SGNex_Hct116_directRNA_replicate3_run1/SGNex_Hct116_directRNA_replicate3_run1.fastq.gz	https://s3.console.aws.amazon.com/s3/buckets/sg-nex-data?region=ap-southeast-1&prefix=data/sequencing_data/bam/genome/SGNex_Hct116_directRNA_replicate3_run1/SGNex_Hct116_directRNA_replicate3_run1.bam	https://s3.console.aws.amazon.com/s3/buckets/sg-nex-data?region=ap-southeast-1&prefix=data/sequencing_data/bam/genome/SGNex_Hct116_directRNA_replicate3_run1/SGNex_Hct116_directRNA_replicate3_run1.bam
SGNex_Hct116_directRNA_replicate3_run4	Hct116	directRNA	FLO-MIN106D	SQK-RNA002	GridION	SGNex_Hct116_directRNA_replicate3_run4.tar.gz	https://s3.console.aws.amazon.com/s3/buckets/sg-nex-data?region=ap-southeast-1&prefix=data/sequencing_data/fast5/SGNex_Hct116_directRNA_replicate3_run4/SGNex_Hct116_directRNA_replicate3_run4.tar.gz	https://s3.console.aws.amazon.com/s3/buckets/sg-nex-data?region=ap-southeast-1&prefix=data/sequencing_data/fastq/SGNex_Hct116_directRNA_replicate3_run4/SGNex_Hct116_directRNA_replicate3_run4.fastq.gz	https://s3.console.aws.amazon.com/s3/buckets/sg-nex-data?region=ap-southeast-1&prefix=data/sequencing_data/bam/genome/SGNex_Hct116_directRNA_replicate3_run4/SGNex_Hct116_directRNA_replicate3_run4.bam	https://s3.console.aws.amazon.com/s3/buckets/sg-nex-data?region=ap-southeast-1&prefix=data/sequencing_data/bam/genome/SGNex_Hct116_directRNA_replicate3_run4/SGNex_Hct116_directRNA_replicate3_run4.bam
SGNex_Hct116_directRNA_replicate4_run3	Hct116	directRNA	FLO-MIN106D	SQK-RNA002	GridION	SGNex_Hct116_directRNA_replicate4_run3.tar.gz	https://s3.console.aws.amazon.com/s3/buckets/sg-nex-data?region=ap-southeast-1&prefix=data/sequencing_data/fast5/SGNex_Hct116_directRNA_replicate4_run3/SGNex_Hct116_directRNA_replicate4_run3.tar.gz	https://s3.console.aws.amazon.com/s3/buckets/sg-nex-data?region=ap-southeast-1&prefix=data/sequencing_data/fastq/SGNex_Hct116_directRNA_replicate4_run3/SGNex_Hct116_directRNA_replicate4_run3.fastq.gz	https://s3.console.aws.amazon.com/s3/buckets/sg-nex-data?region=ap-southeast-1&prefix=data/sequencing_data/bam/genome/SGNex_Hct116_directRNA_replicate4_run3/SGNex_Hct116_directRNA_replicate4_run3.bam	https://s3.console.aws.amazon.com/s3/buckets/sg-nex-data?region=ap-southeast-1&prefix=data/sequencing_data/bam/genome/SGNex_Hct116_directRNA_replicate4_run3/SGNex_Hct116_directRNA_replicate4_run3.bam
SGNex_Hct116_directRNA_replicate6_run1	Hct116	directRNA	FLO-MIN106	SQK-RNA001	MinION	SGNex_Hct116_directRNA_replicate6_run1.tar.gz	https://s3.console.aws.amazon.com/s3/buckets/sg-nex-data?region=ap-southeast-1&prefix=data/sequencing_data/fast5/SGNex_Hct116_directRNA_replicate6_run1/SGNex_Hct116_directRNA_replicate6_run1.tar.gz	https://s3.console.aws.amazon.com/s3/buckets/sg-nex-data?region=ap-southeast-1&prefix=data/sequencing_data/fastq/SGNex_Hct116_directRNA_replicate6_run1/SGNex_Hct116_directRNA_replicate6_run1.fastq.gz	https://s3.console.aws.amazon.com/s3/buckets/sg-nex-data?region=ap-southeast-1&prefix=data/sequencing_data/bam/genome/SGNex_Hct116_directRNA_replicate6_run1/SGNex_Hct116_directRNA_replicate6_run1.bam	https://s3.console.aws.amazon.com/s3/buckets/sg-nex-data?region=ap-southeast-1&prefix=data/sequencing_data/bam/genome/SGNex_Hct116_directRNA_replicate6_run1/SGNex_Hct116_directRNA_replicate6_run1.bam
SGNex_Hek293T_directRNA_replicate1_run1	Hek293T	directRNA	FLO-MIN106	SQK-RNA001	MinION	SGNex_Hek293T_directRNA_replicate1_run1.tar.gz	https://s3.console.aws.amazon.com/s3/buckets/sg-nex-data?region=ap-southeast-1&prefix=data/sequencing_data/fast5/SGNex_Hek293T_directRNA_replicate1_run1/SGNex_Hek293T_directRNA_replicate1_run1.tar.gz	https://s3.console.aws.amazon.com/s3/buckets/sg-nex-data?region=ap-southeast-1&prefix=data/sequencing_data/fastq/SGNex_Hek293T_directRNA_replicate1_run1/SGNex_Hek293T_directRNA_replicate1_run1.fastq.gz	https://s3.console.aws.amazon.com/s3/buckets/sg-nex-data?region=ap-southeast-1&prefix=data/sequencing_data/bam/genome/SGNex_Hek293T_directRNA_replicate1_run1/SGNex_Hek293T_directRNA_replicate1_run1.bam	https://s3.console.aws.amazon.com/s3/buckets/sg-nex-data?region=ap-southeast-1&prefix=data/sequencing_data/bam/genome/SGNex_Hek293T_directRNA_replicate1_run1/SGNex_Hek293T_directRNA_replicate1_run1.bam
SGNex_Hek293T_directRNA_replicate1_run1	Hek293T	directRNA	FLO-MIN106	SQK-RNA001	MinION	SGNex_Hek293T_directRNA_replicate1_run1.tar.gz	https://s3.console.aws.amazon.com/s3/buckets/sg-nex-data?region=ap-southeast-1&prefix=data/sequencing_data/fast5/SGNex_Hek293T_directRNA_replicate1_run1/SGNex_Hek293T_directRNA_replicate1_run1.tar.gz	https://s3.console.aws.amazon.com/s3/buckets/sg-nex-data?region=ap-southeast-1&prefix=data/sequencing_data/fastq/SGNex_Hek293T_directRNA_replicate1_run1/SGNex_Hek293T_directRNA_replicate1_run1.fastq.gz	https://s3.console.aws.amazon.com/s3/buckets/sg-nex-data?region=ap-southeast-1&prefix=data/sequencing_data/bam/genome/SGNex_Hek293T_directRNA_replicate1_run1/SGNex_Hek293T_directRNA_replicate1_run1.bam	https://s3.console.aws.amazon.com/s3/buckets/sg-nex-data?region=ap-southeast-1&prefix=data/sequencing_data/bam/genome/SGNex_Hek293T_directRNA_replicate1_run1/SGNex_Hek293T_directRNA_replicate1_run1.bam
SGNex_Hek293T_directRNA_replicate2_run1	Hek293T	directRNA	FLO-MIN106D	SQK-RNA001	MinION	SGNex_Hek293T_directRNA_replicate2_run1.tar.gz	https://s3.console.aws.amazon.com/s3/buckets/sg-nex-data?region=ap-southeast-1&prefix=data/sequencing_data/fast5/SGNex_Hek293T_directRNA_replicate2_run1/SGNex_Hek293T_directRNA_replicate2_run1.tar.gz	https://s3.console.aws.amazon.com/s3/buckets/sg-nex-data?region=ap-southeast-1&prefix=data/sequencing_data/fastq/SGNex_Hek293T_directRNA_replicate2_run1/SGNex_Hek293T_directRNA_replicate2_run1.fastq.gz	https://s3.console.aws.amazon.com/s3/buckets/sg-nex-data?region=ap-southeast-1&prefix=data/sequencing_data/bam/genome/SGNex_Hek293T_directRNA_replicate2_run1/SGNex_Hek293T_directRNA_replicate2_run1.bam	https://s3.console.aws.amazon.com/s3/buckets/sg-nex-data?region=ap-southeast-1&prefix=data/sequencing_data/bam/genome/SGNex_Hek293T_directRNA_replicate2_run1/SGNex_Hek293T_directRNA_replicate2_run1.bam
SGNex_Hek293T_directRNA_replicate2_run1	Hek293T	directRNA	FLO-MIN106D	SQK-RNA001	MinION	SGNex_Hek293T_directRNA_replicate2_run1.tar.gz	https://s3.console.aws.amazon.com/s3/buckets/sg-nex-data?region=ap-southeast-1&prefix=data/sequencing_data/fast5/SGNex_Hek293T_directRNA_replicate2_run1/SGNex_Hek293T_directRNA_replicate2_run1.tar.gz	https://s3.console.aws.amazon.com/s3/buckets/sg-nex-data?region=ap-southeast-1&prefix=data/sequencing_data/fastq/SGNex_Hek293T_directRNA_replicate2_run1/SGNex_Hek293T_directRNA_replicate2_run1.fastq.gz	https://s3.console.aws.amazon.com/s3/buckets/sg-nex-data?region=ap-southeast-1&prefix=data/sequencing_data/bam/genome/SGNex_Hek293T_directRNA_replicate2_run1/SGNex_Hek293T_directRNA_replicate2_run1.bam	https://s3.console.aws.amazon.com/s3/buckets/sg-nex-data?region=ap-southeast-1&prefix=data/sequencing_data/bam/genome/SGNex_Hek293T_directRNA_replicate2_run1/SGNex_Hek293T_directRNA_replicate2_run1.bam
SGNex_Hek293T_directRNA_replicate3_run1	Hek293T	directRNA	FLO-MIN106D	SQK-RNA002	MinION	SGNex_Hek293T_directRNA_replicate3_run1.tar.gz	https://s3.console.aws.amazon.com/s3/buckets/sg-nex-data?region=ap-southeast-1&prefix=data/sequencing_data/fast5/SGNex_Hek293T_directRNA_replicate3_run1/SGNex_Hek293T_directRNA_replicate3_run1.tar.gz	https://s3.console.aws.amazon.com/s3/buckets/sg-nex-data?region=ap-southeast-1&prefix=data/sequencing_data/fastq/SGNex_Hek293T_directRNA_replicate3_run1/SGNex_Hek293T_directRNA_replicate3_run1.fastq.gz	https://s3.console.aws.amazon.com/s3/buckets/sg-nex-data?region=ap-southeast-1&prefix=data/sequencing_data/bam/genome/SGNex_Hek293T_directRNA_replicate3_run1/SGNex_Hek293T_directRNA_replicate3_run1.bam	https://s3.console.aws.amazon.com/s3/buckets/sg-nex-data?region=ap-southeast-1&prefix=data/sequencing_data/bam/genome/SGNex_Hek293T_directRNA_replicate3_run1/SGNex_Hek293T_directRNA_replicate3_run1.bam
SGNex_Hek293T_directRNA_replicate4_run1	Hek293T	directRNA	FLO-MIN106	SQK-RNA002	MinION	SGNex_Hek293T_directRNA_replicate4_run1.tar.gz	https://s3.console.aws.amazon.com/s3/buckets/sg-nex-data?region=ap-southeast-1&prefix=data/sequencing_data/fast5/SGNex_Hek293T_directRNA_replicate4_run1/SGNex_Hek293T_directRNA_replicate4_run1.tar.gz	https://s3.console.aws.amazon.com/s3/buckets/sg-nex-data?region=ap-southeast-1&prefix=data/sequencing_data/fastq/SGNex_Hek293T_directRNA_replicate4_run1/SGNex_Hek293T_directRNA_replicate4_run1.fastq.gz	https://s3.console.aws.amazon.com/s3/buckets/sg-nex-data?region=ap-southeast-1&prefix=data/sequencing_data/bam/genome/SGNex_Hek293T_directRNA_replicate4_run1/SGNex_Hek293T_directRNA_replicate4_run1.bam	https://s3.console.aws.amazon.com/s3/buckets/sg-nex-data?region=ap-southeast-1&prefix=data/sequencing_data/bam/genome/SGNex_Hek293T_directRNA_replicate4_run1/SGNex_Hek293T_directRNA_replicate4_run1.bam
SGNex_HepG2_cDNA_replicate1_run4	HepG2	cDNA	FLO-MIN106	SQK-PCS108	MinION	SGNex_HepG2_cDNA_replicate1_run4.tar.gz	https://s3.console.aws.amazon.com/s3/buckets/sg-nex-data?region=ap-southeast-1&prefix=data/sequencing_data/fast5/SGNex_HepG2_cDNA_replicate1_run4/SGNex_HepG2_cDNA_replicate1_run4.tar.gz	https://s3.console.aws.amazon.com/s3/buckets/sg-nex-data?region=ap-southeast-1&prefix=data/sequencing_data/fastq/SGNex_HepG2_cDNA_replicate1_run4/SGNex_HepG2_cDNA_replicate1_run4.fastq.gz	https://s3.console.aws.amazon.com/s3/buckets/sg-nex-data?region=ap-southeast-1&prefix=data/sequencing_data/bam/genome/SGNex_HepG2_cDNA_replicate1_run4/SGNex_HepG2_cDNA_replicate1_run4.bam	https://s3.console.aws.amazon.com/s3/buckets/sg-nex-data?region=ap-southeast-1&prefix=data/sequencing_data/bam/genome/SGNex_HepG2_cDNA_replicate1_run4/SGNex_HepG2_cDNA_replicate1_run4.bam
SGNex_HepG2_cDNAStranded_replicate4_run3	HepG2	cDNAStranded	FLO-MIN106	SQK-PCS109	MinION	SGNex_HepG2_cDNAStranded_replicate4_run3.tar.gz	https://s3.console.aws.amazon.com/s3/buckets/sg-nex-data?region=ap-southeast-1&prefix=data/sequencing_data/fast5/SGNex_HepG2_cDNAStranded_replicate4_run3/SGNex_HepG2_cDNAStranded_replicate4_run3.tar.gz	https://s3.console.aws.amazon.com/s3/buckets/sg-nex-data?region=ap-southeast-1&prefix=data/sequencing_data/fastq/SGNex_HepG2_cDNAStranded_replicate4_run3/SGNex_HepG2_cDNAStranded_replicate4_run3.fastq.gz	https://s3.console.aws.amazon.com/s3/buckets/sg-nex-data?region=ap-southeast-1&prefix=data/sequencing_data/bam/genome/SGNex_HepG2_cDNAStranded_replicate4_run3/SGNex_HepG2_cDNAStranded_replicate4_run3.bam	https://s3.console.aws.amazon.com/s3/buckets/sg-nex-data?region=ap-southeast-1&prefix=data/sequencing_data/bam/genome/SGNex_HepG2_cDNAStranded_replicate4_run3/SGNex_HepG2_cDNAStranded_replicate4_run3.bam
SGNex_HepG2_cDNAStranded_replicate5_run4	HepG2	cDNAStranded	FLO-MIN106D	SQK-PCS109	MinION	SGNex_HepG2_cDNAStranded_replicate5_run4.tar.gz	https://s3.console.aws.amazon.com/s3/buckets/sg-nex-data?region=ap-southeast-1&prefix=data/sequencing_data/fast5/SGNex_HepG2_cDNAStranded_replicate5_run4/SGNex_HepG2_cDNAStranded_replicate5_run4.tar.gz	https://s3.console.aws.amazon.com/s3/buckets/sg-nex-data?region=ap-southeast-1&prefix=data/sequencing_data/fastq/SGNex_HepG2_cDNAStranded_replicate5_run4/SGNex_HepG2_cDNAStranded_replicate5_run4.fastq.gz	https://s3.console.aws.amazon.com/s3/buckets/sg-nex-data?region=ap-southeast-1&prefix=data/sequencing_data/bam/genome/SGNex_HepG2_cDNAStranded_replicate5_run4/SGNex_HepG2_cDNAStranded_replicate5_run4.bam	https://s3.console.aws.amazon.com/s3/buckets/sg-nex-data?region=ap-southeast-1&prefix=data/sequencing_data/bam/genome/SGNex_HepG2_cDNAStranded_replicate5_run4/SGNex_HepG2_cDNAStranded_replicate5_run4.bam
SGNex_HepG2_directcDNA_replicate1_run1	HepG2	direct-cDNA	FLO-PRO001	SQK-DCS108	PromethION	SGNex_HepG2_directcDNA_replicate1_run1.tar.gz	https://s3.console.aws.amazon.com/s3/buckets/sg-nex-data?region=ap-southeast-1&prefix=data/sequencing_data/fast5/SGNex_HepG2_directcDNA_replicate1_run1/SGNex_HepG2_directcDNA_replicate1_run1.tar.gz	https://s3.console.aws.amazon.com/s3/buckets/sg-nex-data?region=ap-southeast-1&prefix=data/sequencing_data/fastq/SGNex_HepG2_directcDNA_replicate1_run1/SGNex_HepG2_directcDNA_replicate1_run1.fastq.gz	https://s3.console.aws.amazon.com/s3/buckets/sg-nex-data?region=ap-southeast-1&prefix=data/sequencing_data/bam/genome/SGNex_HepG2_directcDNA_replicate1_run1/SGNex_HepG2_directcDNA_replicate1_run1.bam	https://s3.console.aws.amazon.com/s3/buckets/sg-nex-data?region=ap-southeast-1&prefix=data/sequencing_data/bam/genome/SGNex_HepG2_directcDNA_replicate1_run1/SGNex_HepG2_directcDNA_replicate1_run1.bam
SGNex_HepG2_directcDNA_replicate1_run2	HepG2	direct-cDNA	FLO-MIN106	SQK-DCS108	MinION	SGNex_HepG2_directcDNA_replicate1_run2.tar.gz	https://s3.console.aws.amazon.com/s3/buckets/sg-nex-data?region=ap-southeast-1&prefix=data/sequencing_data/fast5/SGNex_HepG2_directcDNA_replicate1_run2/SGNex_HepG2_directcDNA_replicate1_run2.tar.gz	https://s3.console.aws.amazon.com/s3/buckets/sg-nex-data?region=ap-southeast-1&prefix=data/sequencing_data/fastq/SGNex_HepG2_directcDNA_replicate1_run2/SGNex_HepG2_directcDNA_replicate1_run2.fastq.gz	https://s3.console.aws.amazon.com/s3/buckets/sg-nex-data?region=ap-southeast-1&prefix=data/sequencing_data/bam/genome/SGNex_HepG2_directcDNA_replicate1_run2/SGNex_HepG2_directcDNA_replicate1_run2.bam	https://s3.console.aws.amazon.com/s3/buckets/sg-nex-data?region=ap-southeast-1&prefix=data/sequencing_data/bam/genome/SGNex_HepG2_directcDNA_replicate1_run2/SGNex_HepG2_directcDNA_replicate1_run2.bam
SGNex_HepG2_directcDNA_replicate4_run1	HepG2	direct-cDNA	FLO-MIN106	SQK-DCS108	MinION	SGNex_HepG2_directcDNA_replicate4_run1.tar.gz	https://s3.console.aws.amazon.com/s3/buckets/sg-nex-data?region=ap-southeast-1&prefix=data/sequencing_data/fast5/SGNex_HepG2_directcDNA_replicate4_run1/SGNex_HepG2_directcDNA_replicate4_run1.tar.gz	https://s3.console.aws.amazon.com/s3/buckets/sg-nex-data?region=ap-southeast-1&prefix=data/sequencing_data/fastq/SGNex_HepG2_directcDNA_replicate4_run1/SGNex_HepG2_directcDNA_replicate4_run1.fastq.gz	https://s3.console.aws.amazon.com/s3/buckets/sg-nex-data?region=ap-southeast-1&prefix=data/sequencing_data/bam/genome/SGNex_HepG2_directcDNA_replicate4_run1/SGNex_HepG2_directcDNA_replicate4_run1.bam	https://s3.console.aws.amazon.com/s3/buckets/sg-nex-data?region=ap-southeast-1&prefix=data/sequencing_data/bam/genome/SGNex_HepG2_directcDNA_replicate4_run1/SGNex_HepG2_directcDNA_replicate4_run1.bam
SGNex_HepG2_directcDNA_replicate4_run2	HepG2	direct-cDNA	FLO-MIN106	SQK-DCS108	GridION	SGNex_HepG2_directcDNA_replicate4_run2.tar.gz	https://s3.console.aws.amazon.com/s3/buckets/sg-nex-data?region=ap-southeast-1&prefix=data/sequencing_data/fast5/SGNex_HepG2_directcDNA_replicate4_run2/SGNex_HepG2_directcDNA_replicate4_run2.tar.gz	https://s3.console.aws.amazon.com/s3/buckets/sg-nex-data?region=ap-southeast-1&prefix=data/sequencing_data/fastq/SGNex_HepG2_directcDNA_replicate4_run2/SGNex_HepG2_directcDNA_replicate4_run2.fastq.gz	https://s3.console.aws.amazon.com/s3/buckets/sg-nex-data?region=ap-southeast-1&prefix=data/sequencing_data/bam/genome/SGNex_HepG2_directcDNA_replicate4_run2/SGNex_HepG2_directcDNA_replicate4_run2.bam	https://s3.console.aws.amazon.com/s3/buckets/sg-nex-data?region=ap-southeast-1&prefix=data/sequencing_data/bam/genome/SGNex_HepG2_directcDNA_replicate4_run2/SGNex_HepG2_directcDNA_replicate4_run2.bam
SGNex_HepG2_directcDNA_replicate5_run3	HepG2	direct-cDNA	FLO-MIN106D	SQK-DCS109	MinION	SGNex_directcDNA_MUX_Sample1_copy.tar.gz	https://s3.console.aws.amazon.com/s3/buckets/sg-nex-data?region=ap-southeast-1&prefix=data/sequencing_data/fast5/SGNex_directcDNA_MUX_Sample1_copy/SGNex_directcDNA_MUX_Sample1_copy.tar.gz	https://s3.console.aws.amazon.com/s3/buckets/sg-nex-data?region=ap-southeast-1&prefix=data/sequencing_data/fastq/SGNex_HepG2_directcDNA_replicate5_run3/SGNex_HepG2_directcDNA_replicate5_run3.fastq.gz	https://s3.console.aws.amazon.com/s3/buckets/sg-nex-data?region=ap-southeast-1&prefix=data/sequencing_data/bam/genome/SGNex_HepG2_directcDNA_replicate5_run3/SGNex_HepG2_directcDNA_replicate5_run3.bam	https://s3.console.aws.amazon.com/s3/buckets/sg-nex-data?region=ap-southeast-1&prefix=data/sequencing_data/bam/genome/SGNex_HepG2_directcDNA_replicate5_run3/SGNex_HepG2_directcDNA_replicate5_run3.bam
SGNex_HepG2_directRNA_replicate1_run3	HepG2	directRNA	FLO-MIN106	SQK-RNA001	GridION	SGNex_HepG2_directRNA_replicate1_run3.tar.gz	https://s3.console.aws.amazon.com/s3/buckets/sg-nex-data?region=ap-southeast-1&prefix=data/sequencing_data/fast5/SGNex_HepG2_directRNA_replicate1_run3/SGNex_HepG2_directRNA_replicate1_run3.tar.gz	https://s3.console.aws.amazon.com/s3/buckets/sg-nex-data?region=ap-southeast-1&prefix=data/sequencing_data/fastq/SGNex_HepG2_directRNA_replicate1_run3/SGNex_HepG2_directRNA_replicate1_run3.fastq.gz	https://s3.console.aws.amazon.com/s3/buckets/sg-nex-data?region=ap-southeast-1&prefix=data/sequencing_data/bam/genome/SGNex_HepG2_directRNA_replicate1_run3/SGNex_HepG2_directRNA_replicate1_run3.bam	https://s3.console.aws.amazon.com/s3/buckets/sg-nex-data?region=ap-southeast-1&prefix=data/sequencing_data/bam/genome/SGNex_HepG2_directRNA_replicate1_run3/SGNex_HepG2_directRNA_replicate1_run3.bam
SGNex_HepG2_directRNA_replicate2_run1	HepG2	directRNA	FLO-MIN106	SQK-RNA001	MinION	SGNex_HepG2_directRNA_replicate2_run1.tar.gz	https://s3.console.aws.amazon.com/s3/buckets/sg-nex-data?region=ap-southeast-1&prefix=data/sequencing_data/fast5/SGNex_HepG2_directRNA_replicate2_run1/SGNex_HepG2_directRNA_replicate2_run1.tar.gz	https://s3.console.aws.amazon.com/s3/buckets/sg-nex-data?region=ap-southeast-1&prefix=data/sequencing_data/fastq/SGNex_HepG2_directRNA_replicate2_run1/SGNex_HepG2_directRNA_replicate2_run1.fastq.gz	https://s3.console.aws.amazon.com/s3/buckets/sg-nex-data?region=ap-southeast-1&prefix=data/sequencing_data/bam/genome/SGNex_HepG2_directRNA_replicate2_run1/SGNex_HepG2_directRNA_replicate2_run1.bam	https://s3.console.aws.amazon.com/s3/buckets/sg-nex-data?region=ap-southeast-1&prefix=data/sequencing_data/bam/genome/SGNex_HepG2_directRNA_replicate2_run1/SGNex_HepG2_directRNA_replicate2_run1.bam
SGNex_HepG2_directRNA_replicate3_run1	HepG2	directRNA	FLO-MIN106	SQK-RNA001	GridION	SGNex_HepG2_directRNA_replicate3_run1.tar.gz	https://s3.console.aws.amazon.com/s3/buckets/sg-nex-data?region=ap-southeast-1&prefix=data/sequencing_data/fast5/SGNex_HepG2_directRNA_replicate3_run1/SGNex_HepG2_directRNA_replicate3_run1.tar.gz	https://s3.console.aws.amazon.com/s3/buckets/sg-nex-data?region=ap-southeast-1&prefix=data/sequencing_data/fastq/SGNex_HepG2_directRNA_replicate3_run1/SGNex_HepG2_directRNA_replicate3_run1.fastq.gz	https://s3.console.aws.amazon.com/s3/buckets/sg-nex-data?region=ap-southeast-1&prefix=data/sequencing_data/bam/genome/SGNex_HepG2_directRNA_replicate3_run1/SGNex_HepG2_directRNA_replicate3_run1.bam	https://s3.console.aws.amazon.com/s3/buckets/sg-nex-data?region=ap-southeast-1&prefix=data/sequencing_data/bam/genome/SGNex_HepG2_directRNA_replicate3_run1/SGNex_HepG2_directRNA_replicate3_run1.bam
SGNex_HepG2_directRNA_replicate5_run1	HepG2	directRNA	FLO-PRO002	SQK-RNA002	PromethION	SGNex_HepG2_directRNA_replicate5_run1.tar.gz	https://s3.console.aws.amazon.com/s3/buckets/sg-nex-data?region=ap-southeast-1&prefix=data/sequencing_data/fast5/SGNex_HepG2_directRNA_replicate5_run1/SGNex_HepG2_directRNA_replicate5_run1.tar.gz	https://s3.console.aws.amazon.com/s3/buckets/sg-nex-data?region=ap-southeast-1&prefix=data/sequencing_data/fastq/SGNex_HepG2_directRNA_replicate5_run1/SGNex_HepG2_directRNA_replicate5_run1.fastq.gz	https://s3.console.aws.amazon.com/s3/buckets/sg-nex-data?region=ap-southeast-1&prefix=data/sequencing_data/bam/genome/SGNex_HepG2_directRNA_replicate5_run1/SGNex_HepG2_directRNA_replicate5_run1.bam	https://s3.console.aws.amazon.com/s3/buckets/sg-nex-data?region=ap-southeast-1&prefix=data/sequencing_data/bam/genome/SGNex_HepG2_directRNA_replicate5_run1/SGNex_HepG2_directRNA_replicate5_run1.bam
SGNex_HepG2_directRNA_replicate5_run2	HepG2	directRNA	FLO-MIN106D	SQK-RNA002	MinION	SGNex_HepG2_directRNA_replicate5_run2.tar.gz	https://s3.console.aws.amazon.com/s3/buckets/sg-nex-data?region=ap-southeast-1&prefix=data/sequencing_data/fast5/SGNex_HepG2_directRNA_replicate5_run2/SGNex_HepG2_directRNA_replicate5_run2.tar.gz	https://s3.console.aws.amazon.com/s3/buckets/sg-nex-data?region=ap-southeast-1&prefix=data/sequencing_data/fastq/SGNex_HepG2_directRNA_replicate5_run2/SGNex_HepG2_directRNA_replicate5_run2.fastq.gz	https://s3.console.aws.amazon.com/s3/buckets/sg-nex-data?region=ap-southeast-1&prefix=data/sequencing_data/bam/genome/SGNex_HepG2_directRNA_replicate5_run2/SGNex_HepG2_directRNA_replicate5_run2.bam	https://s3.console.aws.amazon.com/s3/buckets/sg-nex-data?region=ap-southeast-1&prefix=data/sequencing_data/bam/genome/SGNex_HepG2_directRNA_replicate5_run2/SGNex_HepG2_directRNA_replicate5_run2.bam
SGNex_HepG2_directRNA_replicate6_run1	HepG2	directRNA	FLO-MIN106D	SQK-RNA002	GridION	SGNex_HepG2_directRNA_replicate6_run1.tar.gz	https://s3.console.aws.amazon.com/s3/buckets/sg-nex-data?region=ap-southeast-1&prefix=data/sequencing_data/fast5/SGNex_HepG2_directRNA_replicate6_run1/SGNex_HepG2_directRNA_replicate6_run1.tar.gz	https://s3.console.aws.amazon.com/s3/buckets/sg-nex-data?region=ap-southeast-1&prefix=data/sequencing_data/fastq/SGNex_HepG2_directRNA_replicate6_run1/SGNex_HepG2_directRNA_replicate6_run1.fastq.gz	https://s3.console.aws.amazon.com/s3/buckets/sg-nex-data?region=ap-southeast-1&prefix=data/sequencing_data/bam/genome/SGNex_HepG2_directRNA_replicate6_run1/SGNex_HepG2_directRNA_replicate6_run1.bam	https://s3.console.aws.amazon.com/s3/buckets/sg-nex-data?region=ap-southeast-1&prefix=data/sequencing_data/bam/genome/SGNex_HepG2_directRNA_replicate6_run1/SGNex_HepG2_directRNA_replicate6_run1.bam
SGNex_HN1NPC7_cDNA_replicate1_run1	HN1-NPC7	cDNA	FLO-MIN106	SQK-LSK208	MinION	SGNex_HN1NPC7_cDNA_replicate1_run1.tar.gz	https://s3.console.aws.amazon.com/s3/buckets/sg-nex-data?region=ap-southeast-1&prefix=data/sequencing_data/fast5/SGNex_HN1NPC7_cDNA_replicate1_run1/SGNex_HN1NPC7_cDNA_replicate1_run1.tar.gz	https://s3.console.aws.amazon.com/s3/buckets/sg-nex-data?region=ap-southeast-1&prefix=data/sequencing_data/fastq/SGNex_HN1NPC7_cDNA_replicate1_run1/SGNex_HN1NPC7_cDNA_replicate1_run1.fastq.gz	https://s3.console.aws.amazon.com/s3/buckets/sg-nex-data?region=ap-southeast-1&prefix=data/sequencing_data/bam/genome/SGNex_HN1NPC7_cDNA_replicate1_run1/SGNex_HN1NPC7_cDNA_replicate1_run1.bam	https://s3.console.aws.amazon.com/s3/buckets/sg-nex-data?region=ap-southeast-1&prefix=data/sequencing_data/bam/genome/SGNex_HN1NPC7_cDNA_replicate1_run1/SGNex_HN1NPC7_cDNA_replicate1_run1.bam
SGNex_IM95_directRNA_replicate1_run1	IM95	directRNA	FLO-MIN106D	SQK-RNA001	MinION	SGNex_IM95_directRNA_replicate1_run1.tar.gz	https://s3.console.aws.amazon.com/s3/buckets/sg-nex-data?region=ap-southeast-1&prefix=data/sequencing_data/fast5/SGNex_IM95_directRNA_replicate1_run1/SGNex_IM95_directRNA_replicate1_run1.tar.gz	https://s3.console.aws.amazon.com/s3/buckets/sg-nex-data?region=ap-southeast-1&prefix=data/sequencing_data/fastq/SGNex_IM95_directRNA_replicate1_run1/SGNex_IM95_directRNA_replicate1_run1.fastq.gz	https://s3.console.aws.amazon.com/s3/buckets/sg-nex-data?region=ap-southeast-1&prefix=data/sequencing_data/bam/genome/SGNex_IM95_directRNA_replicate1_run1/SGNex_IM95_directRNA_replicate1_run1.bam	https://s3.console.aws.amazon.com/s3/buckets/sg-nex-data?region=ap-southeast-1&prefix=data/sequencing_data/bam/genome/SGNex_IM95_directRNA_replicate1_run1/SGNex_IM95_directRNA_replicate1_run1.bam
SGNex_IM95_directRNA_replicate1_run1	IM95	directRNA	FLO-MIN106D	SQK-RNA001	MinION	SGNex_IM95_directRNA_replicate1_run1.tar.gz	https://s3.console.aws.amazon.com/s3/buckets/sg-nex-data?region=ap-southeast-1&prefix=data/sequencing_data/fast5/SGNex_IM95_directRNA_replicate1_run1/SGNex_IM95_directRNA_replicate1_run1.tar.gz	https://s3.console.aws.amazon.com/s3/buckets/sg-nex-data?region=ap-southeast-1&prefix=data/sequencing_data/fastq/SGNex_IM95_directRNA_replicate1_run1/SGNex_IM95_directRNA_replicate1_run1.fastq.gz	https://s3.console.aws.amazon.com/s3/buckets/sg-nex-data?region=ap-southeast-1&prefix=data/sequencing_data/bam/genome/SGNex_IM95_directRNA_replicate1_run1/SGNex_IM95_directRNA_replicate1_run1.bam	https://s3.console.aws.amazon.com/s3/buckets/sg-nex-data?region=ap-southeast-1&prefix=data/sequencing_data/bam/genome/SGNex_IM95_directRNA_replicate1_run1/SGNex_IM95_directRNA_replicate1_run1.bam
SGNex_K562_cDNA_replicate1_run3	K562	cDNA	FLO-MIN106	SQK-PCS108	MinION	SGNex_K562_cDNA_replicate1_run3.tar.gz	https://s3.console.aws.amazon.com/s3/buckets/sg-nex-data?region=ap-southeast-1&prefix=data/sequencing_data/fast5/SGNex_K562_cDNA_replicate1_run3/SGNex_K562_cDNA_replicate1_run3.tar.gz	https://s3.console.aws.amazon.com/s3/buckets/sg-nex-data?region=ap-southeast-1&prefix=data/sequencing_data/fastq/SGNex_K562_cDNA_replicate1_run3/SGNex_K562_cDNA_replicate1_run3.fastq.gz	https://s3.console.aws.amazon.com/s3/buckets/sg-nex-data?region=ap-southeast-1&prefix=data/sequencing_data/bam/genome/SGNex_K562_cDNA_replicate1_run3/SGNex_K562_cDNA_replicate1_run3.bam	https://s3.console.aws.amazon.com/s3/buckets/sg-nex-data?region=ap-southeast-1&prefix=data/sequencing_data/bam/genome/SGNex_K562_cDNA_replicate1_run3/SGNex_K562_cDNA_replicate1_run3.bam
SGNex_K562_cDNA_replicate3_run4	K562	cDNA	FLO-MIN106D	SQK-PCS109	GridION	SGNex_K562_cDNA_replicate3_run4.tar.gz	https://s3.console.aws.amazon.com/s3/buckets/sg-nex-data?region=ap-southeast-1&prefix=data/sequencing_data/fast5/SGNex_K562_cDNA_replicate3_run4/SGNex_K562_cDNA_replicate3_run4.tar.gz	https://s3.console.aws.amazon.com/s3/buckets/sg-nex-data?region=ap-southeast-1&prefix=data/sequencing_data/fastq/SGNex_K562_cDNA_replicate3_run4/SGNex_K562_cDNA_replicate3_run4.fastq.gz	https://s3.console.aws.amazon.com/s3/buckets/sg-nex-data?region=ap-southeast-1&prefix=data/sequencing_data/bam/genome/SGNex_K562_cDNA_replicate3_run4/SGNex_K562_cDNA_replicate3_run4.bam	https://s3.console.aws.amazon.com/s3/buckets/sg-nex-data?region=ap-southeast-1&prefix=data/sequencing_data/bam/genome/SGNex_K562_cDNA_replicate3_run4/SGNex_K562_cDNA_replicate3_run4.bam
SGNex_K562_cDNAStranded_replicate2_run3	K562	cDNAStranded	FLO-MIN106	SQK-PCS109	MinION	SGNex_K562_cDNAStranded_replicate2_run3.tar.gz	https://s3.console.aws.amazon.com/s3/buckets/sg-nex-data?region=ap-southeast-1&prefix=data/sequencing_data/fast5/SGNex_K562_cDNAStranded_replicate2_run3/SGNex_K562_cDNAStranded_replicate2_run3.tar.gz	https://s3.console.aws.amazon.com/s3/buckets/sg-nex-data?region=ap-southeast-1&prefix=data/sequencing_data/fastq/SGNex_K562_cDNAStranded_replicate2_run3/SGNex_K562_cDNAStranded_replicate2_run3.fastq.gz	https://s3.console.aws.amazon.com/s3/buckets/sg-nex-data?region=ap-southeast-1&prefix=data/sequencing_data/bam/genome/SGNex_K562_cDNAStranded_replicate2_run3/SGNex_K562_cDNAStranded_replicate2_run3.bam	https://s3.console.aws.amazon.com/s3/buckets/sg-nex-data?region=ap-southeast-1&prefix=data/sequencing_data/bam/genome/SGNex_K562_cDNAStranded_replicate2_run3/SGNex_K562_cDNAStranded_replicate2_run3.bam
SGNex_K562_cDNAStranded_replicate3_run2	K562	cDNAStranded	FLO-MIN106D	SQK-PCS109	MinION	SGNex_K562_cDNAStranded_replicate3_run2.tar.gz	https://s3.console.aws.amazon.com/s3/buckets/sg-nex-data?region=ap-southeast-1&prefix=data/sequencing_data/fast5/SGNex_K562_cDNAStranded_replicate3_run2/SGNex_K562_cDNAStranded_replicate3_run2.tar.gz	https://s3.console.aws.amazon.com/s3/buckets/sg-nex-data?region=ap-southeast-1&prefix=data/sequencing_data/fastq/SGNex_K562_cDNAStranded_replicate3_run2/SGNex_K562_cDNAStranded_replicate3_run2.fastq.gz	https://s3.console.aws.amazon.com/s3/buckets/sg-nex-data?region=ap-southeast-1&prefix=data/sequencing_data/bam/genome/SGNex_K562_cDNAStranded_replicate3_run2/SGNex_K562_cDNAStranded_replicate3_run2.bam	https://s3.console.aws.amazon.com/s3/buckets/sg-nex-data?region=ap-southeast-1&prefix=data/sequencing_data/bam/genome/SGNex_K562_cDNAStranded_replicate3_run2/SGNex_K562_cDNAStranded_replicate3_run2.bam
SGNex_K562_cDNAStranded_replicate3_run3	K562	cDNAStranded	FLO-MIN106	SQK-PCS109	GridION	SGNex_K562_cDNAStranded_replicate3_run3.tar.gz	https://s3.console.aws.amazon.com/s3/buckets/sg-nex-data?region=ap-southeast-1&prefix=data/sequencing_data/fast5/SGNex_K562_cDNAStranded_replicate3_run3/SGNex_K562_cDNAStranded_replicate3_run3.tar.gz	https://s3.console.aws.amazon.com/s3/buckets/sg-nex-data?region=ap-southeast-1&prefix=data/sequencing_data/fastq/SGNex_K562_cDNAStranded_replicate3_run3/SGNex_K562_cDNAStranded_replicate3_run3.fastq.gz	https://s3.console.aws.amazon.com/s3/buckets/sg-nex-data?region=ap-southeast-1&prefix=data/sequencing_data/bam/genome/SGNex_K562_cDNAStranded_replicate3_run3/SGNex_K562_cDNAStranded_replicate3_run3.bam	https://s3.console.aws.amazon.com/s3/buckets/sg-nex-data?region=ap-southeast-1&prefix=data/sequencing_data/bam/genome/SGNex_K562_cDNAStranded_replicate3_run3/SGNex_K562_cDNAStranded_replicate3_run3.bam
SGNex_K562_directcDNA_replicate1_run2	K562	direct-cDNA	FLO-MIN106	SQK-DCS108	MinION	SGNex_K562_directcDNA_replicate1_run2.tar.gz	https://s3.console.aws.amazon.com/s3/buckets/sg-nex-data?region=ap-southeast-1&prefix=data/sequencing_data/fast5/SGNex_K562_directcDNA_replicate1_run2/SGNex_K562_directcDNA_replicate1_run2.tar.gz	https://s3.console.aws.amazon.com/s3/buckets/sg-nex-data?region=ap-southeast-1&prefix=data/sequencing_data/fastq/SGNex_K562_directcDNA_replicate1_run2/SGNex_K562_directcDNA_replicate1_run2.fastq.gz	https://s3.console.aws.amazon.com/s3/buckets/sg-nex-data?region=ap-southeast-1&prefix=data/sequencing_data/bam/genome/SGNex_K562_directcDNA_replicate1_run2/SGNex_K562_directcDNA_replicate1_run2.bam	https://s3.console.aws.amazon.com/s3/buckets/sg-nex-data?region=ap-southeast-1&prefix=data/sequencing_data/bam/genome/SGNex_K562_directcDNA_replicate1_run2/SGNex_K562_directcDNA_replicate1_run2.bam
SGNex_K562_directcDNA_replicate2_run1	K562	direct-cDNA	FLO-MIN106	SQK-DCS108	GridION	SGNex_K562_directcDNA_replicate2_run1.tar.gz	https://s3.console.aws.amazon.com/s3/buckets/sg-nex-data?region=ap-southeast-1&prefix=data/sequencing_data/fast5/SGNex_K562_directcDNA_replicate2_run1/SGNex_K562_directcDNA_replicate2_run1.tar.gz	https://s3.console.aws.amazon.com/s3/buckets/sg-nex-data?region=ap-southeast-1&prefix=data/sequencing_data/fastq/SGNex_K562_directcDNA_replicate2_run1/SGNex_K562_directcDNA_replicate2_run1.fastq.gz	https://s3.console.aws.amazon.com/s3/buckets/sg-nex-data?region=ap-southeast-1&prefix=data/sequencing_data/bam/genome/SGNex_K562_directcDNA_replicate2_run1/SGNex_K562_directcDNA_replicate2_run1.bam	https://s3.console.aws.amazon.com/s3/buckets/sg-nex-data?region=ap-southeast-1&prefix=data/sequencing_data/bam/genome/SGNex_K562_directcDNA_replicate2_run1/SGNex_K562_directcDNA_replicate2_run1.bam
SGNex_K562_directcDNA_replicate2_run2	K562	direct-cDNA	FLO-MIN106	SQK-DCS108	GridION	SGNex_K562_directcDNA_replicate2_run2.tar.gz	https://s3.console.aws.amazon.com/s3/buckets/sg-nex-data?region=ap-southeast-1&prefix=data/sequencing_data/fast5/SGNex_K562_directcDNA_replicate2_run2/SGNex_K562_directcDNA_replicate2_run2.tar.gz	https://s3.console.aws.amazon.com/s3/buckets/sg-nex-data?region=ap-southeast-1&prefix=data/sequencing_data/fastq/SGNex_K562_directcDNA_replicate2_run2/SGNex_K562_directcDNA_replicate2_run2.fastq.gz	https://s3.console.aws.amazon.com/s3/buckets/sg-nex-data?region=ap-southeast-1&prefix=data/sequencing_data/bam/genome/SGNex_K562_directcDNA_replicate2_run2/SGNex_K562_directcDNA_replicate2_run2.bam	https://s3.console.aws.amazon.com/s3/buckets/sg-nex-data?region=ap-southeast-1&prefix=data/sequencing_data/bam/genome/SGNex_K562_directcDNA_replicate2_run2/SGNex_K562_directcDNA_replicate2_run2.bam
SGNex_K562_directcDNA_replicate3_run1	K562	direct-cDNA	FLO-MIN106D	SQK-DCS109	MinION	SGNex_directcDNA_MUX_Sample1.tar.gz	https://s3.console.aws.amazon.com/s3/buckets/sg-nex-data?region=ap-southeast-1&prefix=data/sequencing_data/fast5/SGNex_directcDNA_MUX_Sample1/SGNex_directcDNA_MUX_Sample1.tar.gz	https://s3.console.aws.amazon.com/s3/buckets/sg-nex-data?region=ap-southeast-1&prefix=data/sequencing_data/fastq/SGNex_K562_directcDNA_replicate3_run1/SGNex_K562_directcDNA_replicate3_run1.fastq.gz	https://s3.console.aws.amazon.com/s3/buckets/sg-nex-data?region=ap-southeast-1&prefix=data/sequencing_data/bam/genome/SGNex_K562_directcDNA_replicate3_run1/SGNex_K562_directcDNA_replicate3_run1.bam	https://s3.console.aws.amazon.com/s3/buckets/sg-nex-data?region=ap-southeast-1&prefix=data/sequencing_data/bam/genome/SGNex_K562_directcDNA_replicate3_run1/SGNex_K562_directcDNA_replicate3_run1.bam
SGNex_K562_directcDNA_replicate4_run2	K562	direct-cDNA	FLO-MIN106D	SQK-DCS109	GridION	SGNex_directcDNA_MUX_Sample2.tar.gz	https://s3.console.aws.amazon.com/s3/buckets/sg-nex-data?region=ap-southeast-1&prefix=data/sequencing_data/fast5/SGNex_directcDNA_MUX_Sample2/SGNex_directcDNA_MUX_Sample2.tar.gz	https://s3.console.aws.amazon.com/s3/buckets/sg-nex-data?region=ap-southeast-1&prefix=data/sequencing_data/fastq/SGNex_K562_directcDNA_replicate4_run2/SGNex_K562_directcDNA_replicate4_run2.fastq.gz	https://s3.console.aws.amazon.com/s3/buckets/sg-nex-data?region=ap-southeast-1&prefix=data/sequencing_data/bam/genome/SGNex_K562_directcDNA_replicate4_run2/SGNex_K562_directcDNA_replicate4_run2.bam	https://s3.console.aws.amazon.com/s3/buckets/sg-nex-data?region=ap-southeast-1&prefix=data/sequencing_data/bam/genome/SGNex_K562_directcDNA_replicate4_run2/SGNex_K562_directcDNA_replicate4_run2.bam
SGNex_K562_directRNA_replicate1_run1	K562	directRNA	FLO-MIN106	SQK-RNA001	GridION	SGNex_K562_directRNA_replicate1_run1.tar.gz	https://s3.console.aws.amazon.com/s3/buckets/sg-nex-data?region=ap-southeast-1&prefix=data/sequencing_data/fast5/SGNex_K562_directRNA_replicate1_run1/SGNex_K562_directRNA_replicate1_run1.tar.gz	https://s3.console.aws.amazon.com/s3/buckets/sg-nex-data?region=ap-southeast-1&prefix=data/sequencing_data/fastq/SGNex_K562_directRNA_replicate1_run1/SGNex_K562_directRNA_replicate1_run1.fastq.gz	https://s3.console.aws.amazon.com/s3/buckets/sg-nex-data?region=ap-southeast-1&prefix=data/sequencing_data/bam/genome/SGNex_K562_directRNA_replicate1_run1/SGNex_K562_directRNA_replicate1_run1.bam	https://s3.console.aws.amazon.com/s3/buckets/sg-nex-data?region=ap-southeast-1&prefix=data/sequencing_data/bam/genome/SGNex_K562_directRNA_replicate1_run1/SGNex_K562_directRNA_replicate1_run1.bam
SGNex_K562_directRNA_replicate4_run1	K562	directRNA	FLO-MIN106D	SQK-RNA002	GridION	SGNex_K562_directRNA_replicate4_run1.tar.gz	https://s3.console.aws.amazon.com/s3/buckets/sg-nex-data?region=ap-southeast-1&prefix=data/sequencing_data/fast5/SGNex_K562_directRNA_replicate4_run1/SGNex_K562_directRNA_replicate4_run1.tar.gz	https://s3.console.aws.amazon.com/s3/buckets/sg-nex-data?region=ap-southeast-1&prefix=data/sequencing_data/fastq/SGNex_K562_directRNA_replicate4_run1/SGNex_K562_directRNA_replicate4_run1.fastq.gz	https://s3.console.aws.amazon.com/s3/buckets/sg-nex-data?region=ap-southeast-1&prefix=data/sequencing_data/bam/genome/SGNex_K562_directRNA_replicate4_run1/SGNex_K562_directRNA_replicate4_run1.bam	https://s3.console.aws.amazon.com/s3/buckets/sg-nex-data?region=ap-southeast-1&prefix=data/sequencing_data/bam/genome/SGNex_K562_directRNA_replicate4_run1/SGNex_K562_directRNA_replicate4_run1.bam
SGNex_K562_directRNA_replicate5_run1	K562	directRNA	FLO-MIN106D	SQK-RNA002	GridION	SGNex_K562_directRNA_replicate5_run1.tar.gz	https://s3.console.aws.amazon.com/s3/buckets/sg-nex-data?region=ap-southeast-1&prefix=data/sequencing_data/fast5/SGNex_K562_directRNA_replicate5_run1/SGNex_K562_directRNA_replicate5_run1.tar.gz	https://s3.console.aws.amazon.com/s3/buckets/sg-nex-data?region=ap-southeast-1&prefix=data/sequencing_data/fastq/SGNex_K562_directRNA_replicate5_run1/SGNex_K562_directRNA_replicate5_run1.fastq.gz	https://s3.console.aws.amazon.com/s3/buckets/sg-nex-data?region=ap-southeast-1&prefix=data/sequencing_data/bam/genome/SGNex_K562_directRNA_replicate5_run1/SGNex_K562_directRNA_replicate5_run1.bam	https://s3.console.aws.amazon.com/s3/buckets/sg-nex-data?region=ap-southeast-1&prefix=data/sequencing_data/bam/genome/SGNex_K562_directRNA_replicate5_run1/SGNex_K562_directRNA_replicate5_run1.bam
SGNex_K562_directRNA_replicate6_run1	K562	directRNA	FLO-MIN106D	SQK-RNA002	GridION	SGNex_K562_directRNA_replicate6_run1.tar.gz	https://s3.console.aws.amazon.com/s3/buckets/sg-nex-data?region=ap-southeast-1&prefix=data/sequencing_data/fast5/SGNex_K562_directRNA_replicate6_run1/SGNex_K562_directRNA_replicate6_run1.tar.gz	https://s3.console.aws.amazon.com/s3/buckets/sg-nex-data?region=ap-southeast-1&prefix=data/sequencing_data/fastq/SGNex_K562_directRNA_replicate6_run1/SGNex_K562_directRNA_replicate6_run1.fastq.gz	https://s3.console.aws.amazon.com/s3/buckets/sg-nex-data?region=ap-southeast-1&prefix=data/sequencing_data/bam/genome/SGNex_K562_directRNA_replicate6_run1/SGNex_K562_directRNA_replicate6_run1.bam	https://s3.console.aws.amazon.com/s3/buckets/sg-nex-data?region=ap-southeast-1&prefix=data/sequencing_data/bam/genome/SGNex_K562_directRNA_replicate6_run1/SGNex_K562_directRNA_replicate6_run1.bam
SGNex_MCF7_cDNA_replicate1_run3	MCF7	cDNA	FLO-MIN106	SQK-PCS108	MinION	SGNex_MCF7_cDNA_replicate1_run3.tar.gz	https://s3.console.aws.amazon.com/s3/buckets/sg-nex-data?region=ap-southeast-1&prefix=data/sequencing_data/fast5/SGNex_MCF7_cDNA_replicate1_run3/SGNex_MCF7_cDNA_replicate1_run3.tar.gz	https://s3.console.aws.amazon.com/s3/buckets/sg-nex-data?region=ap-southeast-1&prefix=data/sequencing_data/fastq/SGNex_MCF7_cDNA_replicate1_run3/SGNex_MCF7_cDNA_replicate1_run3.fastq.gz	https://s3.console.aws.amazon.com/s3/buckets/sg-nex-data?region=ap-southeast-1&prefix=data/sequencing_data/bam/genome/SGNex_MCF7_cDNA_replicate1_run3/SGNex_MCF7_cDNA_replicate1_run3.bam	https://s3.console.aws.amazon.com/s3/buckets/sg-nex-data?region=ap-southeast-1&prefix=data/sequencing_data/bam/genome/SGNex_MCF7_cDNA_replicate1_run3/SGNex_MCF7_cDNA_replicate1_run3.bam
SGNex_MCF7_cDNAStranded_replicate2_run1	MCF7	cDNAStranded	FLO-MIN106D	SQK-PCS109	GridION	SGNex_MCF7_cDNAStranded_replicate2_run1.tar.gz	https://s3.console.aws.amazon.com/s3/buckets/sg-nex-data?region=ap-southeast-1&prefix=data/sequencing_data/fast5/SGNex_MCF7_cDNAStranded_replicate2_run1/SGNex_MCF7_cDNAStranded_replicate2_run1.tar.gz	https://s3.console.aws.amazon.com/s3/buckets/sg-nex-data?region=ap-southeast-1&prefix=data/sequencing_data/fastq/SGNex_MCF7_cDNAStranded_replicate2_run1/SGNex_MCF7_cDNAStranded_replicate2_run1.fastq.gz	https://s3.console.aws.amazon.com/s3/buckets/sg-nex-data?region=ap-southeast-1&prefix=data/sequencing_data/bam/genome/SGNex_MCF7_cDNAStranded_replicate2_run1/SGNex_MCF7_cDNAStranded_replicate2_run1.bam	https://s3.console.aws.amazon.com/s3/buckets/sg-nex-data?region=ap-southeast-1&prefix=data/sequencing_data/bam/genome/SGNex_MCF7_cDNAStranded_replicate2_run1/SGNex_MCF7_cDNAStranded_replicate2_run1.bam
SGNex_MCF7_cDNAStranded_replicate3_run2	MCF7	cDNAStranded	FLO-MIN106D	SQK-PCS109	GridION	SGNex_MCF7_cDNAStranded_replicate3_run2.tar.gz	https://s3.console.aws.amazon.com/s3/buckets/sg-nex-data?region=ap-southeast-1&prefix=data/sequencing_data/fast5/SGNex_MCF7_cDNAStranded_replicate3_run2/SGNex_MCF7_cDNAStranded_replicate3_run2.tar.gz	https://s3.console.aws.amazon.com/s3/buckets/sg-nex-data?region=ap-southeast-1&prefix=data/sequencing_data/fastq/SGNex_MCF7_cDNAStranded_replicate3_run2/SGNex_MCF7_cDNAStranded_replicate3_run2.fastq.gz	https://s3.console.aws.amazon.com/s3/buckets/sg-nex-data?region=ap-southeast-1&prefix=data/sequencing_data/bam/genome/SGNex_MCF7_cDNAStranded_replicate3_run2/SGNex_MCF7_cDNAStranded_replicate3_run2.bam	https://s3.console.aws.amazon.com/s3/buckets/sg-nex-data?region=ap-southeast-1&prefix=data/sequencing_data/bam/genome/SGNex_MCF7_cDNAStranded_replicate3_run2/SGNex_MCF7_cDNAStranded_replicate3_run2.bam
SGNex_MCF7_directcDNA_replicate1_run2	MCF7	direct-cDNA	FLO-MIN106	SQK-DCS108	MinION	SGNex_MCF7_directcDNA_replicate1_run2.tar.gz	https://s3.console.aws.amazon.com/s3/buckets/sg-nex-data?region=ap-southeast-1&prefix=data/sequencing_data/fast5/SGNex_MCF7_directcDNA_replicate1_run2/SGNex_MCF7_directcDNA_replicate1_run2.tar.gz	https://s3.console.aws.amazon.com/s3/buckets/sg-nex-data?region=ap-southeast-1&prefix=data/sequencing_data/fastq/SGNex_MCF7_directcDNA_replicate1_run2/SGNex_MCF7_directcDNA_replicate1_run2.fastq.gz	https://s3.console.aws.amazon.com/s3/buckets/sg-nex-data?region=ap-southeast-1&prefix=data/sequencing_data/bam/genome/SGNex_MCF7_directcDNA_replicate1_run2/SGNex_MCF7_directcDNA_replicate1_run2.bam	https://s3.console.aws.amazon.com/s3/buckets/sg-nex-data?region=ap-southeast-1&prefix=data/sequencing_data/bam/genome/SGNex_MCF7_directcDNA_replicate1_run2/SGNex_MCF7_directcDNA_replicate1_run2.bam
SGNex_MCF7_directcDNA_replicate3_run3	MCF7	direct-cDNA	FLO-MIN106D	SQK-DCS109	GridION	SGNex_directcDNA_MUX_Sample2_copy.tar.gz	https://s3.console.aws.amazon.com/s3/buckets/sg-nex-data?region=ap-southeast-1&prefix=data/sequencing_data/fast5/SGNex_directcDNA_MUX_Sample2_copy/SGNex_directcDNA_MUX_Sample2_copy.tar.gz	https://s3.console.aws.amazon.com/s3/buckets/sg-nex-data?region=ap-southeast-1&prefix=data/sequencing_data/fastq/SGNex_MCF7_directcDNA_replicate3_run3/SGNex_MCF7_directcDNA_replicate3_run3.fastq.gz	https://s3.console.aws.amazon.com/s3/buckets/sg-nex-data?region=ap-southeast-1&prefix=data/sequencing_data/bam/genome/SGNex_MCF7_directcDNA_replicate3_run3/SGNex_MCF7_directcDNA_replicate3_run3.bam	https://s3.console.aws.amazon.com/s3/buckets/sg-nex-data?region=ap-southeast-1&prefix=data/sequencing_data/bam/genome/SGNex_MCF7_directcDNA_replicate3_run3/SGNex_MCF7_directcDNA_replicate3_run3.bam
SGNex_MCF7_directcDNA_replicate4_run2	MCF7	direct-cDNA	FLO-MIN106D	SQK-DCS109	GridION	SGNex_MCF7_directcDNA_replicate4_run2.tar.gz	https://s3.console.aws.amazon.com/s3/buckets/sg-nex-data?region=ap-southeast-1&prefix=data/sequencing_data/fast5/SGNex_MCF7_directcDNA_replicate4_run2/SGNex_MCF7_directcDNA_replicate4_run2.tar.gz	https://s3.console.aws.amazon.com/s3/buckets/sg-nex-data?region=ap-southeast-1&prefix=data/sequencing_data/fastq/SGNex_MCF7_directcDNA_replicate4_run2/SGNex_MCF7_directcDNA_replicate4_run2.fastq.gz	https://s3.console.aws.amazon.com/s3/buckets/sg-nex-data?region=ap-southeast-1&prefix=data/sequencing_data/bam/genome/SGNex_MCF7_directcDNA_replicate4_run2/SGNex_MCF7_directcDNA_replicate4_run2.bam	https://s3.console.aws.amazon.com/s3/buckets/sg-nex-data?region=ap-southeast-1&prefix=data/sequencing_data/bam/genome/SGNex_MCF7_directcDNA_replicate4_run2/SGNex_MCF7_directcDNA_replicate4_run2.bam
SGNex_MCF7_directRNA_replicate1_run1	MCF7	directRNA	FLO-MIN106	SQK-RNA001	MinION	SGNex_MCF7_directRNA_replicate1_run1.tar.gz	https://s3.console.aws.amazon.com/s3/buckets/sg-nex-data?region=ap-southeast-1&prefix=data/sequencing_data/fast5/SGNex_MCF7_directRNA_replicate1_run1/SGNex_MCF7_directRNA_replicate1_run1.tar.gz	https://s3.console.aws.amazon.com/s3/buckets/sg-nex-data?region=ap-southeast-1&prefix=data/sequencing_data/fastq/SGNex_MCF7_directRNA_replicate1_run1/SGNex_MCF7_directRNA_replicate1_run1.fastq.gz	https://s3.console.aws.amazon.com/s3/buckets/sg-nex-data?region=ap-southeast-1&prefix=data/sequencing_data/bam/genome/SGNex_MCF7_directRNA_replicate1_run1/SGNex_MCF7_directRNA_replicate1_run1.bam	https://s3.console.aws.amazon.com/s3/buckets/sg-nex-data?region=ap-southeast-1&prefix=data/sequencing_data/bam/genome/SGNex_MCF7_directRNA_replicate1_run1/SGNex_MCF7_directRNA_replicate1_run1.bam
SGNex_MCF7_directRNA_replicate2_run2	MCF7	directRNA	FLO-PRO002	SQK-RNA001	PromethION	SGNex_MCF7_directRNA_replicate2_run2.tar.gz	https://s3.console.aws.amazon.com/s3/buckets/sg-nex-data?region=ap-southeast-1&prefix=data/sequencing_data/fast5/SGNex_MCF7_directRNA_replicate2_run2/SGNex_MCF7_directRNA_replicate2_run2.tar.gz	https://s3.console.aws.amazon.com/s3/buckets/sg-nex-data?region=ap-southeast-1&prefix=data/sequencing_data/fastq/SGNex_MCF7_directRNA_replicate2_run2/SGNex_MCF7_directRNA_replicate2_run2.fastq.gz	https://s3.console.aws.amazon.com/s3/buckets/sg-nex-data?region=ap-southeast-1&prefix=data/sequencing_data/bam/genome/SGNex_MCF7_directRNA_replicate2_run2/SGNex_MCF7_directRNA_replicate2_run2.bam	https://s3.console.aws.amazon.com/s3/buckets/sg-nex-data?region=ap-southeast-1&prefix=data/sequencing_data/bam/genome/SGNex_MCF7_directRNA_replicate2_run2/SGNex_MCF7_directRNA_replicate2_run2.bam
SGNex_MCF7_directRNA_replicate2_run3	MCF7	directRNA	FLO-PRO002	SQK-RNA002	PromethION	SGNex_MCF7_directRNA_replicate2_run3.tar.gz	https://s3.console.aws.amazon.com/s3/buckets/sg-nex-data?region=ap-southeast-1&prefix=data/sequencing_data/fast5/SGNex_MCF7_directRNA_replicate2_run3/SGNex_MCF7_directRNA_replicate2_run3.tar.gz	https://s3.console.aws.amazon.com/s3/buckets/sg-nex-data?region=ap-southeast-1&prefix=data/sequencing_data/fastq/SGNex_MCF7_directRNA_replicate2_run3/SGNex_MCF7_directRNA_replicate2_run3.fastq.gz	https://s3.console.aws.amazon.com/s3/buckets/sg-nex-data?region=ap-southeast-1&prefix=data/sequencing_data/bam/genome/SGNex_MCF7_directRNA_replicate2_run3/SGNex_MCF7_directRNA_replicate2_run3.bam	https://s3.console.aws.amazon.com/s3/buckets/sg-nex-data?region=ap-southeast-1&prefix=data/sequencing_data/bam/genome/SGNex_MCF7_directRNA_replicate2_run3/SGNex_MCF7_directRNA_replicate2_run3.bam
SGNex_MCF7_directRNA_replicate3_run1	MCF7	directRNA	FLO-MIN106D	SQK-RNA002	MinION	SGNex_MCF7_directRNA_replicate3_run1.tar.gz	https://s3.console.aws.amazon.com/s3/buckets/sg-nex-data?region=ap-southeast-1&prefix=data/sequencing_data/fast5/SGNex_MCF7_directRNA_replicate3_run1/SGNex_MCF7_directRNA_replicate3_run1.tar.gz	https://s3.console.aws.amazon.com/s3/buckets/sg-nex-data?region=ap-southeast-1&prefix=data/sequencing_data/fastq/SGNex_MCF7_directRNA_replicate3_run1/SGNex_MCF7_directRNA_replicate3_run1.fastq.gz	https://s3.console.aws.amazon.com/s3/buckets/sg-nex-data?region=ap-southeast-1&prefix=data/sequencing_data/bam/genome/SGNex_MCF7_directRNA_replicate3_run1/SGNex_MCF7_directRNA_replicate3_run1.bam	https://s3.console.aws.amazon.com/s3/buckets/sg-nex-data?region=ap-southeast-1&prefix=data/sequencing_data/bam/genome/SGNex_MCF7_directRNA_replicate3_run1/SGNex_MCF7_directRNA_replicate3_run1.bam
SGNex_MCF7_directRNA_replicate4_run1	MCF7	directRNA	FLO-MIN106D	SQK-RNA002	GridION	SGNex_MCF7_directRNA_replicate4_run1.tar.gz	https://s3.console.aws.amazon.com/s3/buckets/sg-nex-data?region=ap-southeast-1&prefix=data/sequencing_data/fast5/SGNex_MCF7_directRNA_replicate4_run1/SGNex_MCF7_directRNA_replicate4_run1.tar.gz	https://s3.console.aws.amazon.com/s3/buckets/sg-nex-data?region=ap-southeast-1&prefix=data/sequencing_data/fastq/SGNex_MCF7_directRNA_replicate4_run1/SGNex_MCF7_directRNA_replicate4_run1.fastq.gz	https://s3.console.aws.amazon.com/s3/buckets/sg-nex-data?region=ap-southeast-1&prefix=data/sequencing_data/bam/genome/SGNex_MCF7_directRNA_replicate4_run1/SGNex_MCF7_directRNA_replicate4_run1.bam	https://s3.console.aws.amazon.com/s3/buckets/sg-nex-data?region=ap-southeast-1&prefix=data/sequencing_data/bam/genome/SGNex_MCF7_directRNA_replicate4_run1/SGNex_MCF7_directRNA_replicate4_run1.bam
SGNex_MCF7-EV_directRNA_replicate1_run1	MCF7-EV	directRNA	FLO-MIN106	SQK-RNA002	MinION	SGNex_MCF7-EV_directRNA_replicate1_run1.tar.gz	https://s3.console.aws.amazon.com/s3/buckets/sg-nex-data?region=ap-southeast-1&prefix=data/sequencing_data/fast5/SGNex_MCF7-EV_directRNA_replicate1_run1/SGNex_MCF7-EV_directRNA_replicate1_run1.tar.gz	https://s3.console.aws.amazon.com/s3/buckets/sg-nex-data?region=ap-southeast-1&prefix=data/sequencing_data/fastq/SGNex_MCF7-EV_directRNA_replicate1_run1/SGNex_MCF7-EV_directRNA_replicate1_run1.fastq.gz	https://s3.console.aws.amazon.com/s3/buckets/sg-nex-data?region=ap-southeast-1&prefix=data/sequencing_data/bam/genome/SGNex_MCF7-EV_directRNA_replicate1_run1/SGNex_MCF7-EV_directRNA_replicate1_run1.bam	https://s3.console.aws.amazon.com/s3/buckets/sg-nex-data?region=ap-southeast-1&prefix=data/sequencing_data/bam/genome/SGNex_MCF7-EV_directRNA_replicate1_run1/SGNex_MCF7-EV_directRNA_replicate1_run1.bam
SGNex_MCF7-EV_directRNA_replicate2_run1	MCF7-EV	directRNA	FLO-MIN106	SQK-RNA001	MinION	SGNex_MCF7-EV_directRNA_replicate2_run1.tar.gz	https://s3.console.aws.amazon.com/s3/buckets/sg-nex-data?region=ap-southeast-1&prefix=data/sequencing_data/fast5/SGNex_MCF7-EV_directRNA_replicate2_run1/SGNex_MCF7-EV_directRNA_replicate2_run1.tar.gz	https://s3.console.aws.amazon.com/s3/buckets/sg-nex-data?region=ap-southeast-1&prefix=data/sequencing_data/fastq/SGNex_MCF7-EV_directRNA_replicate2_run1/SGNex_MCF7-EV_directRNA_replicate2_run1.fastq.gz	https://s3.console.aws.amazon.com/s3/buckets/sg-nex-data?region=ap-southeast-1&prefix=data/sequencing_data/bam/genome/SGNex_MCF7-EV_directRNA_replicate2_run1/SGNex_MCF7-EV_directRNA_replicate2_run1.bam	https://s3.console.aws.amazon.com/s3/buckets/sg-nex-data?region=ap-southeast-1&prefix=data/sequencing_data/bam/genome/SGNex_MCF7-EV_directRNA_replicate2_run1/SGNex_MCF7-EV_directRNA_replicate2_run1.bam
SGNex_Myeloma-N082_directRNA_replicate1_run1	Myeloma-N082	directRNA	FLO-MIN106D	SQK-RNA001	MinION	SGNex_Myeloma-N082_directRNA_replicate1_run1.tar.gz	https://s3.console.aws.amazon.com/s3/buckets/sg-nex-data?region=ap-southeast-1&prefix=data/sequencing_data/fast5/SGNex_Myeloma-N082_directRNA_replicate1_run1/SGNex_Myeloma-N082_directRNA_replicate1_run1.tar.gz	https://s3.console.aws.amazon.com/s3/buckets/sg-nex-data?region=ap-southeast-1&prefix=data/sequencing_data/fastq/SGNex_Myeloma-N082_directRNA_replicate1_run1/SGNex_Myeloma-N082_directRNA_replicate1_run1.fastq.gz	https://s3.console.aws.amazon.com/s3/buckets/sg-nex-data?region=ap-southeast-1&prefix=data/sequencing_data/bam/genome/SGNex_Myeloma-N082_directRNA_replicate1_run1/SGNex_Myeloma-N082_directRNA_replicate1_run1.bam	https://s3.console.aws.amazon.com/s3/buckets/sg-nex-data?region=ap-southeast-1&prefix=data/sequencing_data/bam/genome/SGNex_Myeloma-N082_directRNA_replicate1_run1/SGNex_Myeloma-N082_directRNA_replicate1_run1.bam
SGNex_Myeloma-N104_directRNA_replicate1_run1	Myeloma-N104	directRNA	FLO-MIN106D	SQK-RNA001	MinION	SGNex_Myeloma-N104_directRNA_replicate1_run1.tar.gz	https://s3.console.aws.amazon.com/s3/buckets/sg-nex-data?region=ap-southeast-1&prefix=data/sequencing_data/fast5/SGNex_Myeloma-N104_directRNA_replicate1_run1/SGNex_Myeloma-N104_directRNA_replicate1_run1.tar.gz	https://s3.console.aws.amazon.com/s3/buckets/sg-nex-data?region=ap-southeast-1&prefix=data/sequencing_data/fastq/SGNex_Myeloma-N104_directRNA_replicate1_run1/SGNex_Myeloma-N104_directRNA_replicate1_run1.fastq.gz	https://s3.console.aws.amazon.com/s3/buckets/sg-nex-data?region=ap-southeast-1&prefix=data/sequencing_data/bam/genome/SGNex_Myeloma-N104_directRNA_replicate1_run1/SGNex_Myeloma-N104_directRNA_replicate1_run1.bam	https://s3.console.aws.amazon.com/s3/buckets/sg-nex-data?region=ap-southeast-1&prefix=data/sequencing_data/bam/genome/SGNex_Myeloma-N104_directRNA_replicate1_run1/SGNex_Myeloma-N104_directRNA_replicate1_run1.bam
SGNex_Myeloma-N122_directRNA_replicate1_run1	Myeloma-N122	directRNA	FLO-MIN106D	SQK-RNA001	MinION	SGNex_Myeloma-N122_directRNA_replicate1_run1.tar.gz	https://s3.console.aws.amazon.com/s3/buckets/sg-nex-data?region=ap-southeast-1&prefix=data/sequencing_data/fast5/SGNex_Myeloma-N122_directRNA_replicate1_run1/SGNex_Myeloma-N122_directRNA_replicate1_run1.tar.gz	https://s3.console.aws.amazon.com/s3/buckets/sg-nex-data?region=ap-southeast-1&prefix=data/sequencing_data/fastq/SGNex_Myeloma-N122_directRNA_replicate1_run1/SGNex_Myeloma-N122_directRNA_replicate1_run1.fastq.gz	https://s3.console.aws.amazon.com/s3/buckets/sg-nex-data?region=ap-southeast-1&prefix=data/sequencing_data/bam/genome/SGNex_Myeloma-N122_directRNA_replicate1_run1/SGNex_Myeloma-N122_directRNA_replicate1_run1.bam	https://s3.console.aws.amazon.com/s3/buckets/sg-nex-data?region=ap-southeast-1&prefix=data/sequencing_data/bam/genome/SGNex_Myeloma-N122_directRNA_replicate1_run1/SGNex_Myeloma-N122_directRNA_replicate1_run1.bam
SGNex_Myeloma-N122_directRNA_replicate1_run1	Myeloma-N122	directRNA	FLO-MIN106D	SQK-RNA001	MinION	SGNex_Myeloma-N122_directRNA_replicate1_run1.tar.gz	https://s3.console.aws.amazon.com/s3/buckets/sg-nex-data?region=ap-southeast-1&prefix=data/sequencing_data/fast5/SGNex_Myeloma-N122_directRNA_replicate1_run1/SGNex_Myeloma-N122_directRNA_replicate1_run1.tar.gz	https://s3.console.aws.amazon.com/s3/buckets/sg-nex-data?region=ap-southeast-1&prefix=data/sequencing_data/fastq/SGNex_Myeloma-N122_directRNA_replicate1_run1/SGNex_Myeloma-N122_directRNA_replicate1_run1.fastq.gz	https://s3.console.aws.amazon.com/s3/buckets/sg-nex-data?region=ap-southeast-1&prefix=data/sequencing_data/bam/genome/SGNex_Myeloma-N122_directRNA_replicate1_run1/SGNex_Myeloma-N122_directRNA_replicate1_run1.bam	https://s3.console.aws.amazon.com/s3/buckets/sg-nex-data?region=ap-southeast-1&prefix=data/sequencing_data/bam/genome/SGNex_Myeloma-N122_directRNA_replicate1_run1/SGNex_Myeloma-N122_directRNA_replicate1_run1.bam
SGNex_NCC24_directRNA_replicate1_run1	NCC24	directRNA	FLO-MIN106D	SQK-RNA001	MinION	SGNex_NCC24_directRNA_replicate1_run1.tar.gz	https://s3.console.aws.amazon.com/s3/buckets/sg-nex-data?region=ap-southeast-1&prefix=data/sequencing_data/fast5/SGNex_NCC24_directRNA_replicate1_run1/SGNex_NCC24_directRNA_replicate1_run1.tar.gz	https://s3.console.aws.amazon.com/s3/buckets/sg-nex-data?region=ap-southeast-1&prefix=data/sequencing_data/fastq/SGNex_NCC24_directRNA_replicate1_run1/SGNex_NCC24_directRNA_replicate1_run1.fastq.gz	https://s3.console.aws.amazon.com/s3/buckets/sg-nex-data?region=ap-southeast-1&prefix=data/sequencing_data/bam/genome/SGNex_NCC24_directRNA_replicate1_run1/SGNex_NCC24_directRNA_replicate1_run1.bam	https://s3.console.aws.amazon.com/s3/buckets/sg-nex-data?region=ap-southeast-1&prefix=data/sequencing_data/bam/genome/SGNex_NCC24_directRNA_replicate1_run1/SGNex_NCC24_directRNA_replicate1_run1.bam