sample_alias	cellLine	protocol	flowcell	kit	Platform	Mux_id	basecaller_version*	generation_date	matched_RNA_modification_data	fast5_path	fastq_path	genome_bam_path	transcriptome_bam_path	bigbed_path	bigwig_path
SGNex_A549_cDNA_replicate1_run2	A549	cDNA	FLO-MIN106	SQK-PCS108	MinION		albacore-GIS	20180629		https://sg-nex-data.s3.ap-southeast-1.amazonaws.com/data/sequencing_data/fast5/SGNex_A549_cDNA_replicate1_run2/SGNex_A549_cDNA_replicate1_run2.tar.gz	https://sg-nex-data.s3.ap-southeast-1.amazonaws.com/data/sequencing_data/fastq/SGNex_A549_cDNA_replicate1_run2/SGNex_A549_cDNA_replicate1_run2.fastq.gz	https://sg-nex-data.s3.ap-southeast-1.amazonaws.com/data/sequencing_data/bam/genome/SGNex_A549_cDNA_replicate1_run2/SGNex_A549_cDNA_replicate1_run2.bam	https://sg-nex-data.s3.ap-southeast-1.amazonaws.com/data/sequencing_data/bam/transcriptome/SGNex_A549_cDNA_replicate1_run2/SGNex_A549_cDNA_replicate1_run2.bam	https://sg-nex-data.s3.ap-southeast-1.amazonaws.com/data/sequencing_data/genome_browser_data/bigbed/SGNex_A549_cDNA_replicate1_run2.bigbed	https://sg-nex-data.s3.ap-southeast-1.amazonaws.com/data/sequencing_data/genome_browser_data/bigwig/SGNex_A549_cDNA_replicate1_run2.bigwig
SGNex_A549_cDNAStranded_replicate3_run3	A549	cDNAStranded	FLO-MIN106	SQK-PCS109	MinION		albacore-GIS	20181030		https://sg-nex-data.s3.ap-southeast-1.amazonaws.com/data/sequencing_data/fast5/SGNex_A549_cDNAStranded_replicate3_run3/SGNex_A549_cDNAStranded_replicate3_run3.tar.gz	https://sg-nex-data.s3.ap-southeast-1.amazonaws.com/data/sequencing_data/fastq/SGNex_A549_cDNAStranded_replicate3_run3/SGNex_A549_cDNAStranded_replicate3_run3.fastq.gz	https://sg-nex-data.s3.ap-southeast-1.amazonaws.com/data/sequencing_data/bam/genome/SGNex_A549_cDNAStranded_replicate3_run3/SGNex_A549_cDNAStranded_replicate3_run3.bam	https://sg-nex-data.s3.ap-southeast-1.amazonaws.com/data/sequencing_data/bam/transcriptome/SGNex_A549_cDNAStranded_replicate3_run3/SGNex_A549_cDNAStranded_replicate3_run3.bam	https://sg-nex-data.s3.ap-southeast-1.amazonaws.com/data/sequencing_data/genome_browser_data/bigbed/SGNex_A549_cDNAStranded_replicate3_run3.bigbed	https://sg-nex-data.s3.ap-southeast-1.amazonaws.com/data/sequencing_data/genome_browser_data/bigwig/SGNex_A549_cDNAStranded_replicate3_run3.bigwig
SGNex_A549_cDNAStranded_replicate5_run2	A549	cDNAStranded	FLO-MIN106D	SQK-PCS109	MinION		guppy-2.1.3-albacore	20181217		https://sg-nex-data.s3.ap-southeast-1.amazonaws.com/data/sequencing_data/fast5/SGNex_A549_cDNAStranded_replicate5_run2/SGNex_A549_cDNAStranded_replicate5_run2.tar.gz	https://sg-nex-data.s3.ap-southeast-1.amazonaws.com/data/sequencing_data/fastq/SGNex_A549_cDNAStranded_replicate5_run2/SGNex_A549_cDNAStranded_replicate5_run2.fastq.gz	https://sg-nex-data.s3.ap-southeast-1.amazonaws.com/data/sequencing_data/bam/genome/SGNex_A549_cDNAStranded_replicate5_run2/SGNex_A549_cDNAStranded_replicate5_run2.bam	https://sg-nex-data.s3.ap-southeast-1.amazonaws.com/data/sequencing_data/bam/transcriptome/SGNex_A549_cDNAStranded_replicate5_run2/SGNex_A549_cDNAStranded_replicate5_run2.bam	https://sg-nex-data.s3.ap-southeast-1.amazonaws.com/data/sequencing_data/genome_browser_data/bigbed/SGNex_A549_cDNAStranded_replicate5_run2.bigbed	https://sg-nex-data.s3.ap-southeast-1.amazonaws.com/data/sequencing_data/genome_browser_data/bigwig/SGNex_A549_cDNAStranded_replicate5_run2.bigwig
SGNex_A549_directcDNA_replicate1_run3	A549	direct-cDNA	FLO-MIN106	SQK-DCS108	GridION		guppy-1.4.3-GIS	20180724		https://sg-nex-data.s3.ap-southeast-1.amazonaws.com/data/sequencing_data/fast5/SGNex_A549_directcDNA_replicate1_run3/SGNex_A549_directcDNA_replicate1_run3.tar.gz	https://sg-nex-data.s3.ap-southeast-1.amazonaws.com/data/sequencing_data/fastq/SGNex_A549_directcDNA_replicate1_run3/SGNex_A549_directcDNA_replicate1_run3.fastq.gz	https://sg-nex-data.s3.ap-southeast-1.amazonaws.com/data/sequencing_data/bam/genome/SGNex_A549_directcDNA_replicate1_run3/SGNex_A549_directcDNA_replicate1_run3.bam	https://sg-nex-data.s3.ap-southeast-1.amazonaws.com/data/sequencing_data/bam/transcriptome/SGNex_A549_directcDNA_replicate1_run3/SGNex_A549_directcDNA_replicate1_run3.bam	https://sg-nex-data.s3.ap-southeast-1.amazonaws.com/data/sequencing_data/genome_browser_data/bigbed/SGNex_A549_directcDNA_replicate1_run3.bigbed	https://sg-nex-data.s3.ap-southeast-1.amazonaws.com/data/sequencing_data/genome_browser_data/bigwig/SGNex_A549_directcDNA_replicate1_run3.bigwig
SGNex_A549_directcDNA_replicate2_run1	A549	direct-cDNA	FLO-MIN106	SQK-DCS108	GridION		guppy-1.4.3-GIS	20181002		https://sg-nex-data.s3.ap-southeast-1.amazonaws.com/data/sequencing_data/fast5/SGNex_A549_directcDNA_replicate2_run1/SGNex_A549_directcDNA_replicate2_run1.tar.gz	https://sg-nex-data.s3.ap-southeast-1.amazonaws.com/data/sequencing_data/fastq/SGNex_A549_directcDNA_replicate2_run1/SGNex_A549_directcDNA_replicate2_run1.fastq.gz	https://sg-nex-data.s3.ap-southeast-1.amazonaws.com/data/sequencing_data/bam/genome/SGNex_A549_directcDNA_replicate2_run1/SGNex_A549_directcDNA_replicate2_run1.bam	https://sg-nex-data.s3.ap-southeast-1.amazonaws.com/data/sequencing_data/bam/transcriptome/SGNex_A549_directcDNA_replicate2_run1/SGNex_A549_directcDNA_replicate2_run1.bam	https://sg-nex-data.s3.ap-southeast-1.amazonaws.com/data/sequencing_data/genome_browser_data/bigbed/SGNex_A549_directcDNA_replicate2_run1.bigbed	https://sg-nex-data.s3.ap-southeast-1.amazonaws.com/data/sequencing_data/genome_browser_data/bigwig/SGNex_A549_directcDNA_replicate2_run1.bigwig
SGNex_A549_directcDNA_replicate3_run1	A549	direct-cDNA	FLO-MIN106	SQK-DCS108	MinION		albacore-GIS	20181003		https://sg-nex-data.s3.ap-southeast-1.amazonaws.com/data/sequencing_data/fast5/SGNex_A549_directcDNA_replicate3_run1/SGNex_A549_directcDNA_replicate3_run1.tar.gz	https://sg-nex-data.s3.ap-southeast-1.amazonaws.com/data/sequencing_data/fastq/SGNex_A549_directcDNA_replicate3_run1/SGNex_A549_directcDNA_replicate3_run1.fastq.gz	https://sg-nex-data.s3.ap-southeast-1.amazonaws.com/data/sequencing_data/bam/genome/SGNex_A549_directcDNA_replicate3_run1/SGNex_A549_directcDNA_replicate3_run1.bam	https://sg-nex-data.s3.ap-southeast-1.amazonaws.com/data/sequencing_data/bam/transcriptome/SGNex_A549_directcDNA_replicate3_run1/SGNex_A549_directcDNA_replicate3_run1.bam	https://sg-nex-data.s3.ap-southeast-1.amazonaws.com/data/sequencing_data/genome_browser_data/bigbed/SGNex_A549_directcDNA_replicate3_run1.bigbed	https://sg-nex-data.s3.ap-southeast-1.amazonaws.com/data/sequencing_data/genome_browser_data/bigwig/SGNex_A549_directcDNA_replicate3_run1.bigwig
SGNex_A549_directcDNA_replicate3_run2	A549	direct-cDNA	FLO-MIN106	SQK-DCS108	GridION		guppy-1.4.3-GIS	20181016		https://sg-nex-data.s3.ap-southeast-1.amazonaws.com/data/sequencing_data/fast5/SGNex_A549_directcDNA_replicate3_run2/SGNex_A549_directcDNA_replicate3_run2.tar.gz	https://sg-nex-data.s3.ap-southeast-1.amazonaws.com/data/sequencing_data/fastq/SGNex_A549_directcDNA_replicate3_run2/SGNex_A549_directcDNA_replicate3_run2.fastq.gz	https://sg-nex-data.s3.ap-southeast-1.amazonaws.com/data/sequencing_data/bam/genome/SGNex_A549_directcDNA_replicate3_run2/SGNex_A549_directcDNA_replicate3_run2.bam	https://sg-nex-data.s3.ap-southeast-1.amazonaws.com/data/sequencing_data/bam/transcriptome/SGNex_A549_directcDNA_replicate3_run2/SGNex_A549_directcDNA_replicate3_run2.bam	https://sg-nex-data.s3.ap-southeast-1.amazonaws.com/data/sequencing_data/genome_browser_data/bigbed/SGNex_A549_directcDNA_replicate3_run2.bigbed	https://sg-nex-data.s3.ap-southeast-1.amazonaws.com/data/sequencing_data/genome_browser_data/bigwig/SGNex_A549_directcDNA_replicate3_run2.bigwig
SGNex_A549_directcDNA_replicate5_run3	A549	direct-cDNA	FLO-MIN106D	SQK-DCS109	GridION		guppy-1.4.3-GIS	20190130		https://sg-nex-data.s3.ap-southeast-1.amazonaws.com/data/sequencing_data/fast5/SGNex_A549_directcDNA_replicate5_run3/SGNex_A549_directcDNA_replicate5_run3.tar.gz	https://sg-nex-data.s3.ap-southeast-1.amazonaws.com/data/sequencing_data/fastq/SGNex_A549_directcDNA_replicate5_run3/SGNex_A549_directcDNA_replicate5_run3.fastq.gz	https://sg-nex-data.s3.ap-southeast-1.amazonaws.com/data/sequencing_data/bam/genome/SGNex_A549_directcDNA_replicate5_run3/SGNex_A549_directcDNA_replicate5_run3.bam	https://sg-nex-data.s3.ap-southeast-1.amazonaws.com/data/sequencing_data/bam/transcriptome/SGNex_A549_directcDNA_replicate5_run3/SGNex_A549_directcDNA_replicate5_run3.bam	https://sg-nex-data.s3.ap-southeast-1.amazonaws.com/data/sequencing_data/genome_browser_data/bigbed/SGNex_A549_directcDNA_replicate5_run3.bigbed	https://sg-nex-data.s3.ap-southeast-1.amazonaws.com/data/sequencing_data/genome_browser_data/bigwig/SGNex_A549_directcDNA_replicate5_run3.bigwig
SGNex_A549_directRNA_replicate1_run1	A549	directRNA	FLO-MIN106	SQK-RNA001	GridION		guppy-1.4.3-GIS	20180628		https://sg-nex-data.s3.ap-southeast-1.amazonaws.com/data/sequencing_data/fast5/SGNex_A549_directRNA_replicate1_run1/SGNex_A549_directRNA_replicate1_run1.tar.gz	https://sg-nex-data.s3.ap-southeast-1.amazonaws.com/data/sequencing_data/fastq/SGNex_A549_directRNA_replicate1_run1/SGNex_A549_directRNA_replicate1_run1.fastq.gz	https://sg-nex-data.s3.ap-southeast-1.amazonaws.com/data/sequencing_data/bam/genome/SGNex_A549_directRNA_replicate1_run1/SGNex_A549_directRNA_replicate1_run1.bam	https://sg-nex-data.s3.ap-southeast-1.amazonaws.com/data/sequencing_data/bam/transcriptome/SGNex_A549_directRNA_replicate1_run1/SGNex_A549_directRNA_replicate1_run1.bam	https://sg-nex-data.s3.ap-southeast-1.amazonaws.com/data/sequencing_data/genome_browser_data/bigbed/SGNex_A549_directRNA_replicate1_run1.bigbed	https://sg-nex-data.s3.ap-southeast-1.amazonaws.com/data/sequencing_data/genome_browser_data/bigwig/SGNex_A549_directRNA_replicate1_run1.bigwig
SGNex_A549_directRNA_replicate4_run1	A549	directRNA	FLO-PRO002	SQK-RNA002	PromethION		guppy-1.4.3-GIS	20181128		https://sg-nex-data.s3.ap-southeast-1.amazonaws.com/data/sequencing_data/fast5/SGNex_A549_directRNA_replicate4_run1/SGNex_A549_directRNA_replicate4_run1.tar.gz	https://sg-nex-data.s3.ap-southeast-1.amazonaws.com/data/sequencing_data/fastq/SGNex_A549_directRNA_replicate4_run1/SGNex_A549_directRNA_replicate4_run1.fastq.gz	https://sg-nex-data.s3.ap-southeast-1.amazonaws.com/data/sequencing_data/bam/genome/SGNex_A549_directRNA_replicate4_run1/SGNex_A549_directRNA_replicate4_run1.bam	https://sg-nex-data.s3.ap-southeast-1.amazonaws.com/data/sequencing_data/bam/transcriptome/SGNex_A549_directRNA_replicate4_run1/SGNex_A549_directRNA_replicate4_run1.bam	https://sg-nex-data.s3.ap-southeast-1.amazonaws.com/data/sequencing_data/genome_browser_data/bigbed/SGNex_A549_directRNA_replicate4_run1.bigbed	https://sg-nex-data.s3.ap-southeast-1.amazonaws.com/data/sequencing_data/genome_browser_data/bigwig/SGNex_A549_directRNA_replicate4_run1.bigwig
SGNex_A549_directRNA_replicate5_run1	A549	directRNA	FLO-MIN106D	SQK-RNA002	MinION		albacore-GIS	20181213	Yes	https://sg-nex-data.s3.ap-southeast-1.amazonaws.com/data/sequencing_data/fast5/SGNex_A549_directRNA_replicate5_run1/SGNex_A549_directRNA_replicate5_run1.tar.gz	https://sg-nex-data.s3.ap-southeast-1.amazonaws.com/data/sequencing_data/fastq/SGNex_A549_directRNA_replicate5_run1/SGNex_A549_directRNA_replicate5_run1.fastq.gz	https://sg-nex-data.s3.ap-southeast-1.amazonaws.com/data/sequencing_data/bam/genome/SGNex_A549_directRNA_replicate5_run1/SGNex_A549_directRNA_replicate5_run1.bam	https://sg-nex-data.s3.ap-southeast-1.amazonaws.com/data/sequencing_data/bam/transcriptome/SGNex_A549_directRNA_replicate5_run1/SGNex_A549_directRNA_replicate5_run1.bam	https://sg-nex-data.s3.ap-southeast-1.amazonaws.com/data/sequencing_data/genome_browser_data/bigbed/SGNex_A549_directRNA_replicate5_run1.bigbed	https://sg-nex-data.s3.ap-southeast-1.amazonaws.com/data/sequencing_data/genome_browser_data/bigwig/SGNex_A549_directRNA_replicate5_run1.bigwig
SGNex_A549_directRNA_replicate6_run1	A549	directRNA	FLO-MIN106D	SQK-RNA002	GridION		guppy-3.2.10-GIS	20200302	Yes	https://sg-nex-data.s3.ap-southeast-1.amazonaws.com/data/sequencing_data/fast5/SGNex_A549_directRNA_replicate6_run1/SGNex_A549_directRNA_replicate6_run1.tar.gz	https://sg-nex-data.s3.ap-southeast-1.amazonaws.com/data/sequencing_data/fastq/SGNex_A549_directRNA_replicate6_run1/SGNex_A549_directRNA_replicate6_run1.fastq.gz	https://sg-nex-data.s3.ap-southeast-1.amazonaws.com/data/sequencing_data/bam/genome/SGNex_A549_directRNA_replicate6_run1/SGNex_A549_directRNA_replicate6_run1.bam	https://sg-nex-data.s3.ap-southeast-1.amazonaws.com/data/sequencing_data/bam/transcriptome/SGNex_A549_directRNA_replicate6_run1/SGNex_A549_directRNA_replicate6_run1.bam	https://sg-nex-data.s3.ap-southeast-1.amazonaws.com/data/sequencing_data/genome_browser_data/bigbed/SGNex_A549_directRNA_replicate6_run1.bigbed	https://sg-nex-data.s3.ap-southeast-1.amazonaws.com/data/sequencing_data/genome_browser_data/bigwig/SGNex_A549_directRNA_replicate6_run1.bigwig
SGNex_H9_directcDNA_replicate1_run2	H9	direct-cDNA	FLO-MIN106	SQK-DCS108	MinION		albacore-2.3.1	20180821		https://sg-nex-data.s3.ap-southeast-1.amazonaws.com/data/sequencing_data/fast5/SGNex_H9_directcDNA_replicate1_run2/SGNex_H9_directcDNA_replicate1_run2.tar.gz	https://sg-nex-data.s3.ap-southeast-1.amazonaws.com/data/sequencing_data/fastq/SGNex_H9_directcDNA_replicate1_run2/SGNex_H9_directcDNA_replicate1_run2.fastq.gz	https://sg-nex-data.s3.ap-southeast-1.amazonaws.com/data/sequencing_data/bam/genome/SGNex_H9_directcDNA_replicate1_run2/SGNex_H9_directcDNA_replicate1_run2.bam	https://sg-nex-data.s3.ap-southeast-1.amazonaws.com/data/sequencing_data/bam/transcriptome/SGNex_H9_directcDNA_replicate1_run2/SGNex_H9_directcDNA_replicate1_run2.bam	https://sg-nex-data.s3.ap-southeast-1.amazonaws.com/data/sequencing_data/genome_browser_data/bigbed/SGNex_H9_directcDNA_replicate1_run2.bigbed	https://sg-nex-data.s3.ap-southeast-1.amazonaws.com/data/sequencing_data/genome_browser_data/bigwig/SGNex_H9_directcDNA_replicate1_run2.bigwig
SGNex_H9_directRNA_replicate1_run1	H9	directRNA	FLO-MIN106	SQK-RNA001	MinION		albacore-2.3.1	20180817		https://sg-nex-data.s3.ap-southeast-1.amazonaws.com/data/sequencing_data/fast5/SGNex_H9_directRNA_replicate1_run1/SGNex_H9_directRNA_replicate1_run1.tar.gz	https://sg-nex-data.s3.ap-southeast-1.amazonaws.com/data/sequencing_data/fastq/SGNex_H9_directRNA_replicate1_run1/SGNex_H9_directRNA_replicate1_run1.fastq.gz	https://sg-nex-data.s3.ap-southeast-1.amazonaws.com/data/sequencing_data/bam/genome/SGNex_H9_directRNA_replicate1_run1/SGNex_H9_directRNA_replicate1_run1.bam	https://sg-nex-data.s3.ap-southeast-1.amazonaws.com/data/sequencing_data/bam/transcriptome/SGNex_H9_directRNA_replicate1_run1/SGNex_H9_directRNA_replicate1_run1.bam	https://sg-nex-data.s3.ap-southeast-1.amazonaws.com/data/sequencing_data/genome_browser_data/bigbed/SGNex_H9_directRNA_replicate1_run1.bigbed	https://sg-nex-data.s3.ap-southeast-1.amazonaws.com/data/sequencing_data/genome_browser_data/bigwig/SGNex_H9_directRNA_replicate1_run1.bigwig
SGNex_Hct116_cDNA_replicate1_run6	Hct116	cDNA	FLO-MIN106	SQK-PCS108	MinION		albacore-GIS	20171107		https://sg-nex-data.s3.ap-southeast-1.amazonaws.com/data/sequencing_data/fast5/SGNex_Hct116_cDNA_replicate1_run6/SGNex_Hct116_cDNA_replicate1_run6.tar.gz	https://sg-nex-data.s3.ap-southeast-1.amazonaws.com/data/sequencing_data/fastq/SGNex_Hct116_cDNA_replicate1_run6/SGNex_Hct116_cDNA_replicate1_run6.fastq.gz	https://sg-nex-data.s3.ap-southeast-1.amazonaws.com/data/sequencing_data/bam/genome/SGNex_Hct116_cDNA_replicate1_run6/SGNex_Hct116_cDNA_replicate1_run6.bam	https://sg-nex-data.s3.ap-southeast-1.amazonaws.com/data/sequencing_data/bam/transcriptome/SGNex_Hct116_cDNA_replicate1_run6/SGNex_Hct116_cDNA_replicate1_run6.bam	https://sg-nex-data.s3.ap-southeast-1.amazonaws.com/data/sequencing_data/genome_browser_data/bigbed/SGNex_Hct116_cDNA_replicate1_run6.bigbed	https://sg-nex-data.s3.ap-southeast-1.amazonaws.com/data/sequencing_data/genome_browser_data/bigwig/SGNex_Hct116_cDNA_replicate1_run6.bigwig
SGNex_Hct116_cDNA_replicate3_run3	Hct116	cDNA	FLO-MIN106D	SQK-PCS109	GridION		guppy-1.4.3-GIS	20190327		https://sg-nex-data.s3.ap-southeast-1.amazonaws.com/data/sequencing_data/fast5/SGNex_Hct116_cDNA_replicate3_run3/SGNex_Hct116_cDNA_replicate3_run3.tar.gz	https://sg-nex-data.s3.ap-southeast-1.amazonaws.com/data/sequencing_data/fastq/SGNex_Hct116_cDNA_replicate3_run3/SGNex_Hct116_cDNA_replicate3_run3.fastq.gz	https://sg-nex-data.s3.ap-southeast-1.amazonaws.com/data/sequencing_data/bam/genome/SGNex_Hct116_cDNA_replicate3_run3/SGNex_Hct116_cDNA_replicate3_run3.bam	https://sg-nex-data.s3.ap-southeast-1.amazonaws.com/data/sequencing_data/bam/transcriptome/SGNex_Hct116_cDNA_replicate3_run3/SGNex_Hct116_cDNA_replicate3_run3.bam	https://sg-nex-data.s3.ap-southeast-1.amazonaws.com/data/sequencing_data/genome_browser_data/bigbed/SGNex_Hct116_cDNA_replicate3_run3.bigbed	https://sg-nex-data.s3.ap-southeast-1.amazonaws.com/data/sequencing_data/genome_browser_data/bigwig/SGNex_Hct116_cDNA_replicate3_run3.bigwig
SGNex_Hct116_cDNA_replicate4_run2	Hct116	cDNA	FLO-MIN106D	SQK-PCS109	GridION		guppy-1.4.3-GIS	20190327		https://sg-nex-data.s3.ap-southeast-1.amazonaws.com/data/sequencing_data/fast5/SGNex_Hct116_cDNA_replicate4_run2/SGNex_Hct116_cDNA_replicate4_run2.tar.gz	https://sg-nex-data.s3.ap-southeast-1.amazonaws.com/data/sequencing_data/fastq/SGNex_Hct116_cDNA_replicate4_run2/SGNex_Hct116_cDNA_replicate4_run2.fastq.gz	https://sg-nex-data.s3.ap-southeast-1.amazonaws.com/data/sequencing_data/bam/genome/SGNex_Hct116_cDNA_replicate4_run2/SGNex_Hct116_cDNA_replicate4_run2.bam	https://sg-nex-data.s3.ap-southeast-1.amazonaws.com/data/sequencing_data/bam/transcriptome/SGNex_Hct116_cDNA_replicate4_run2/SGNex_Hct116_cDNA_replicate4_run2.bam	https://sg-nex-data.s3.ap-southeast-1.amazonaws.com/data/sequencing_data/genome_browser_data/bigbed/SGNex_Hct116_cDNA_replicate4_run2.bigbed	https://sg-nex-data.s3.ap-southeast-1.amazonaws.com/data/sequencing_data/genome_browser_data/bigwig/SGNex_Hct116_cDNA_replicate4_run2.bigwig
SGNex_Hct116_directcDNA_replicate1_run4	Hct116	direct-cDNA	FLO-MIN107	SQK-DCS108	MinION		albacore-GIS	20180315		https://sg-nex-data.s3.ap-southeast-1.amazonaws.com/data/sequencing_data/fast5/SGNex_Hct116_directcDNA_replicate1_run4/SGNex_Hct116_directcDNA_replicate1_run4.tar.gz	https://sg-nex-data.s3.ap-southeast-1.amazonaws.com/data/sequencing_data/fastq/SGNex_Hct116_directcDNA_replicate1_run4/SGNex_Hct116_directcDNA_replicate1_run4.fastq.gz	https://sg-nex-data.s3.ap-southeast-1.amazonaws.com/data/sequencing_data/bam/genome/SGNex_Hct116_directcDNA_replicate1_run4/SGNex_Hct116_directcDNA_replicate1_run4.bam	https://sg-nex-data.s3.ap-southeast-1.amazonaws.com/data/sequencing_data/bam/transcriptome/SGNex_Hct116_directcDNA_replicate1_run4/SGNex_Hct116_directcDNA_replicate1_run4.bam	https://sg-nex-data.s3.ap-southeast-1.amazonaws.com/data/sequencing_data/genome_browser_data/bigbed/SGNex_Hct116_directcDNA_replicate1_run4.bigbed	https://sg-nex-data.s3.ap-southeast-1.amazonaws.com/data/sequencing_data/genome_browser_data/bigwig/SGNex_Hct116_directcDNA_replicate1_run4.bigwig
SGNex_Hct116_directcDNA_replicate1_run5	Hct116	direct-cDNA	FLO-MIN107	SQK-DCS108	MinION		albacore-GIS	20180403		https://sg-nex-data.s3.ap-southeast-1.amazonaws.com/data/sequencing_data/fast5/SGNex_Hct116_directcDNA_replicate1_run5/SGNex_Hct116_directcDNA_replicate1_run5.tar.gz	https://sg-nex-data.s3.ap-southeast-1.amazonaws.com/data/sequencing_data/fastq/SGNex_Hct116_directcDNA_replicate1_run5/SGNex_Hct116_directcDNA_replicate1_run5.fastq.gz	https://sg-nex-data.s3.ap-southeast-1.amazonaws.com/data/sequencing_data/bam/genome/SGNex_Hct116_directcDNA_replicate1_run5/SGNex_Hct116_directcDNA_replicate1_run5.bam	https://sg-nex-data.s3.ap-southeast-1.amazonaws.com/data/sequencing_data/bam/transcriptome/SGNex_Hct116_directcDNA_replicate1_run5/SGNex_Hct116_directcDNA_replicate1_run5.bam	https://sg-nex-data.s3.ap-southeast-1.amazonaws.com/data/sequencing_data/genome_browser_data/bigbed/SGNex_Hct116_directcDNA_replicate1_run5.bigbed	https://sg-nex-data.s3.ap-southeast-1.amazonaws.com/data/sequencing_data/genome_browser_data/bigwig/SGNex_Hct116_directcDNA_replicate1_run5.bigwig
SGNex_Hct116_directcDNA_replicate3_run2	Hct116	direct-cDNA	FLO-MIN106D	SQK-DCS109	GridION		guppy-1.4.3-GIS	20190325		https://sg-nex-data.s3.ap-southeast-1.amazonaws.com/data/sequencing_data/fast5/SGNex_Hct116_directcDNA_replicate3_run2/SGNex_Hct116_directcDNA_replicate3_run2.tar.gz	https://sg-nex-data.s3.ap-southeast-1.amazonaws.com/data/sequencing_data/fastq/SGNex_Hct116_directcDNA_replicate3_run2/SGNex_Hct116_directcDNA_replicate3_run2.fastq.gz	https://sg-nex-data.s3.ap-southeast-1.amazonaws.com/data/sequencing_data/bam/genome/SGNex_Hct116_directcDNA_replicate3_run2/SGNex_Hct116_directcDNA_replicate3_run2.bam	https://sg-nex-data.s3.ap-southeast-1.amazonaws.com/data/sequencing_data/bam/transcriptome/SGNex_Hct116_directcDNA_replicate3_run2/SGNex_Hct116_directcDNA_replicate3_run2.bam	https://sg-nex-data.s3.ap-southeast-1.amazonaws.com/data/sequencing_data/genome_browser_data/bigbed/SGNex_Hct116_directcDNA_replicate3_run2.bigbed	https://sg-nex-data.s3.ap-southeast-1.amazonaws.com/data/sequencing_data/genome_browser_data/bigwig/SGNex_Hct116_directcDNA_replicate3_run2.bigwig
SGNex_Hct116_directcDNA_replicate4_run1	Hct116	direct-cDNA	FLO-MIN106D	SQK-DCS109	GridION		guppy-1.4.3-GIS	20190325		https://sg-nex-data.s3.ap-southeast-1.amazonaws.com/data/sequencing_data/fast5/SGNex_Hct116_directcDNA_replicate4_run1/SGNex_Hct116_directcDNA_replicate4_run1.tar.gz	https://sg-nex-data.s3.ap-southeast-1.amazonaws.com/data/sequencing_data/fastq/SGNex_Hct116_directcDNA_replicate4_run1/SGNex_Hct116_directcDNA_replicate4_run1.fastq.gz	https://sg-nex-data.s3.ap-southeast-1.amazonaws.com/data/sequencing_data/bam/genome/SGNex_Hct116_directcDNA_replicate4_run1/SGNex_Hct116_directcDNA_replicate4_run1.bam	https://sg-nex-data.s3.ap-southeast-1.amazonaws.com/data/sequencing_data/bam/transcriptome/SGNex_Hct116_directcDNA_replicate4_run1/SGNex_Hct116_directcDNA_replicate4_run1.bam	https://sg-nex-data.s3.ap-southeast-1.amazonaws.com/data/sequencing_data/genome_browser_data/bigbed/SGNex_Hct116_directcDNA_replicate4_run1.bigbed	https://sg-nex-data.s3.ap-southeast-1.amazonaws.com/data/sequencing_data/genome_browser_data/bigwig/SGNex_Hct116_directcDNA_replicate4_run1.bigwig
SGNex_Hct116_directcDNA_replicate5_run1	Hct116	direct-cDNA	FLO-MIN106D	SQK-DCS109	GridION		guppy-1.4.3-GIS	20190325		https://sg-nex-data.s3.ap-southeast-1.amazonaws.com/data/sequencing_data/fast5/SGNex_Hct116_directcDNA_replicate5_run1/SGNex_Hct116_directcDNA_replicate5_run1.tar.gz	https://sg-nex-data.s3.ap-southeast-1.amazonaws.com/data/sequencing_data/fastq/SGNex_Hct116_directcDNA_replicate5_run1/SGNex_Hct116_directcDNA_replicate5_run1.fastq.gz	https://sg-nex-data.s3.ap-southeast-1.amazonaws.com/data/sequencing_data/bam/genome/SGNex_Hct116_directcDNA_replicate5_run1/SGNex_Hct116_directcDNA_replicate5_run1.bam	https://sg-nex-data.s3.ap-southeast-1.amazonaws.com/data/sequencing_data/bam/transcriptome/SGNex_Hct116_directcDNA_replicate5_run1/SGNex_Hct116_directcDNA_replicate5_run1.bam	https://sg-nex-data.s3.ap-southeast-1.amazonaws.com/data/sequencing_data/genome_browser_data/bigbed/SGNex_Hct116_directcDNA_replicate5_run1.bigbed	https://sg-nex-data.s3.ap-southeast-1.amazonaws.com/data/sequencing_data/genome_browser_data/bigwig/SGNex_Hct116_directcDNA_replicate5_run1.bigwig
SGNex_Hct116_directRNA_replicate1_run1	Hct116	directRNA	FLO-MIN106	SQK-RNA001	MinION		albacore-GIS	20171108		https://sg-nex-data.s3.ap-southeast-1.amazonaws.com/data/sequencing_data/fast5/SGNex_Hct116_directRNA_replicate1_run1/SGNex_Hct116_directRNA_replicate1_run1.tar.gz	https://sg-nex-data.s3.ap-southeast-1.amazonaws.com/data/sequencing_data/fastq/SGNex_Hct116_directRNA_replicate1_run1/SGNex_Hct116_directRNA_replicate1_run1.fastq.gz	https://sg-nex-data.s3.ap-southeast-1.amazonaws.com/data/sequencing_data/bam/genome/SGNex_Hct116_directRNA_replicate1_run1/SGNex_Hct116_directRNA_replicate1_run1.bam	https://sg-nex-data.s3.ap-southeast-1.amazonaws.com/data/sequencing_data/bam/transcriptome/SGNex_Hct116_directRNA_replicate1_run1/SGNex_Hct116_directRNA_replicate1_run1.bam	https://sg-nex-data.s3.ap-southeast-1.amazonaws.com/data/sequencing_data/genome_browser_data/bigbed/SGNex_Hct116_directRNA_replicate1_run1.bigbed	https://sg-nex-data.s3.ap-southeast-1.amazonaws.com/data/sequencing_data/genome_browser_data/bigwig/SGNex_Hct116_directRNA_replicate1_run1.bigwig
SGNex_Hct116_directRNA_replicate1_run2	Hct116	directRNA	FLO-MIN106	SQK-RNA001	MinION		albacore-GIS	20180226		https://sg-nex-data.s3.ap-southeast-1.amazonaws.com/data/sequencing_data/fast5/SGNex_Hct116_directRNA_replicate1_run2/SGNex_Hct116_directRNA_replicate1_run2.tar.gz	https://sg-nex-data.s3.ap-southeast-1.amazonaws.com/data/sequencing_data/fastq/SGNex_Hct116_directRNA_replicate1_run2/SGNex_Hct116_directRNA_replicate1_run2.fastq.gz	https://sg-nex-data.s3.ap-southeast-1.amazonaws.com/data/sequencing_data/bam/genome/SGNex_Hct116_directRNA_replicate1_run2/SGNex_Hct116_directRNA_replicate1_run2.bam	https://sg-nex-data.s3.ap-southeast-1.amazonaws.com/data/sequencing_data/bam/transcriptome/SGNex_Hct116_directRNA_replicate1_run2/SGNex_Hct116_directRNA_replicate1_run2.bam	https://sg-nex-data.s3.ap-southeast-1.amazonaws.com/data/sequencing_data/genome_browser_data/bigbed/SGNex_Hct116_directRNA_replicate1_run2.bigbed	https://sg-nex-data.s3.ap-southeast-1.amazonaws.com/data/sequencing_data/genome_browser_data/bigwig/SGNex_Hct116_directRNA_replicate1_run2.bigwig
SGNex_Hct116_directRNA_replicate1_run3	Hct116	directRNA	FLO-MIN106	SQK-RNA001	MinION		albacore-GIS	20180308		https://sg-nex-data.s3.ap-southeast-1.amazonaws.com/data/sequencing_data/fast5/SGNex_Hct116_directRNA_replicate1_run3/SGNex_Hct116_directRNA_replicate1_run3.tar.gz	https://sg-nex-data.s3.ap-southeast-1.amazonaws.com/data/sequencing_data/fastq/SGNex_Hct116_directRNA_replicate1_run3/SGNex_Hct116_directRNA_replicate1_run3.fastq.gz	https://sg-nex-data.s3.ap-southeast-1.amazonaws.com/data/sequencing_data/bam/genome/SGNex_Hct116_directRNA_replicate1_run3/SGNex_Hct116_directRNA_replicate1_run3.bam	https://sg-nex-data.s3.ap-southeast-1.amazonaws.com/data/sequencing_data/bam/transcriptome/SGNex_Hct116_directRNA_replicate1_run3/SGNex_Hct116_directRNA_replicate1_run3.bam	https://sg-nex-data.s3.ap-southeast-1.amazonaws.com/data/sequencing_data/genome_browser_data/bigbed/SGNex_Hct116_directRNA_replicate1_run3.bigbed	https://sg-nex-data.s3.ap-southeast-1.amazonaws.com/data/sequencing_data/genome_browser_data/bigwig/SGNex_Hct116_directRNA_replicate1_run3.bigwig
SGNex_Hct116_directRNA_replicate2_run1	Hct116	directRNA	FLO-MIN107	SQK-RNA001	MinION		albacore-GIS	20180213		https://sg-nex-data.s3.ap-southeast-1.amazonaws.com/data/sequencing_data/fast5/SGNex_Hct116_directRNA_replicate2_run1/SGNex_Hct116_directRNA_replicate2_run1.tar.gz	https://sg-nex-data.s3.ap-southeast-1.amazonaws.com/data/sequencing_data/fastq/SGNex_Hct116_directRNA_replicate2_run1/SGNex_Hct116_directRNA_replicate2_run1.fastq.gz	https://sg-nex-data.s3.ap-southeast-1.amazonaws.com/data/sequencing_data/bam/genome/SGNex_Hct116_directRNA_replicate2_run1/SGNex_Hct116_directRNA_replicate2_run1.bam	https://sg-nex-data.s3.ap-southeast-1.amazonaws.com/data/sequencing_data/bam/transcriptome/SGNex_Hct116_directRNA_replicate2_run1/SGNex_Hct116_directRNA_replicate2_run1.bam	https://sg-nex-data.s3.ap-southeast-1.amazonaws.com/data/sequencing_data/genome_browser_data/bigbed/SGNex_Hct116_directRNA_replicate2_run1.bigbed	https://sg-nex-data.s3.ap-southeast-1.amazonaws.com/data/sequencing_data/genome_browser_data/bigwig/SGNex_Hct116_directRNA_replicate2_run1.bigwig
SGNex_Hct116_directRNA_replicate2_run2	Hct116	directRNA	FLO-MIN107	SQK-RNA001	MinION		albacore-GIS	20180316		https://sg-nex-data.s3.ap-southeast-1.amazonaws.com/data/sequencing_data/fast5/SGNex_Hct116_directRNA_replicate2_run2/SGNex_Hct116_directRNA_replicate2_run2.tar.gz	https://sg-nex-data.s3.ap-southeast-1.amazonaws.com/data/sequencing_data/fastq/SGNex_Hct116_directRNA_replicate2_run2/SGNex_Hct116_directRNA_replicate2_run2.fastq.gz	https://sg-nex-data.s3.ap-southeast-1.amazonaws.com/data/sequencing_data/bam/genome/SGNex_Hct116_directRNA_replicate2_run2/SGNex_Hct116_directRNA_replicate2_run2.bam	https://sg-nex-data.s3.ap-southeast-1.amazonaws.com/data/sequencing_data/bam/transcriptome/SGNex_Hct116_directRNA_replicate2_run2/SGNex_Hct116_directRNA_replicate2_run2.bam	https://sg-nex-data.s3.ap-southeast-1.amazonaws.com/data/sequencing_data/genome_browser_data/bigbed/SGNex_Hct116_directRNA_replicate2_run2.bigbed	https://sg-nex-data.s3.ap-southeast-1.amazonaws.com/data/sequencing_data/genome_browser_data/bigwig/SGNex_Hct116_directRNA_replicate2_run2.bigwig
SGNex_Hct116_directRNA_replicate2_run3	Hct116	directRNA	FLO-MIN107	SQK-RNA001	MinION		albacore-GIS	20180320		https://sg-nex-data.s3.ap-southeast-1.amazonaws.com/data/sequencing_data/fast5/SGNex_Hct116_directRNA_replicate2_run3/SGNex_Hct116_directRNA_replicate2_run3.tar.gz	https://sg-nex-data.s3.ap-southeast-1.amazonaws.com/data/sequencing_data/fastq/SGNex_Hct116_directRNA_replicate2_run3/SGNex_Hct116_directRNA_replicate2_run3.fastq.gz	https://sg-nex-data.s3.ap-southeast-1.amazonaws.com/data/sequencing_data/bam/genome/SGNex_Hct116_directRNA_replicate2_run3/SGNex_Hct116_directRNA_replicate2_run3.bam	https://sg-nex-data.s3.ap-southeast-1.amazonaws.com/data/sequencing_data/bam/transcriptome/SGNex_Hct116_directRNA_replicate2_run3/SGNex_Hct116_directRNA_replicate2_run3.bam	https://sg-nex-data.s3.ap-southeast-1.amazonaws.com/data/sequencing_data/genome_browser_data/bigbed/SGNex_Hct116_directRNA_replicate2_run3.bigbed	https://sg-nex-data.s3.ap-southeast-1.amazonaws.com/data/sequencing_data/genome_browser_data/bigwig/SGNex_Hct116_directRNA_replicate2_run3.bigwig
SGNex_Hct116_directRNA_replicate2_run4	Hct116	directRNA	FLO-MIN106	SQK-RNA001	MinION		albacore-GIS	20180525		https://sg-nex-data.s3.ap-southeast-1.amazonaws.com/data/sequencing_data/fast5/SGNex_Hct116_directRNA_replicate2_run4/SGNex_Hct116_directRNA_replicate2_run4.tar.gz	https://sg-nex-data.s3.ap-southeast-1.amazonaws.com/data/sequencing_data/fastq/SGNex_Hct116_directRNA_replicate2_run4/SGNex_Hct116_directRNA_replicate2_run4.fastq.gz	https://sg-nex-data.s3.ap-southeast-1.amazonaws.com/data/sequencing_data/bam/genome/SGNex_Hct116_directRNA_replicate2_run4/SGNex_Hct116_directRNA_replicate2_run4.bam	https://sg-nex-data.s3.ap-southeast-1.amazonaws.com/data/sequencing_data/bam/transcriptome/SGNex_Hct116_directRNA_replicate2_run4/SGNex_Hct116_directRNA_replicate2_run4.bam	https://sg-nex-data.s3.ap-southeast-1.amazonaws.com/data/sequencing_data/genome_browser_data/bigbed/SGNex_Hct116_directRNA_replicate2_run4.bigbed	https://sg-nex-data.s3.ap-southeast-1.amazonaws.com/data/sequencing_data/genome_browser_data/bigwig/SGNex_Hct116_directRNA_replicate2_run4.bigwig
SGNex_Hct116_directRNA_replicate2_run5	Hct116	directRNA	FLO-MIN106	SQK-RNA001	MinION		albacore-GIS	20180525		https://sg-nex-data.s3.ap-southeast-1.amazonaws.com/data/sequencing_data/fast5/SGNex_Hct116_directRNA_replicate2_run5/SGNex_Hct116_directRNA_replicate2_run5.tar.gz	https://sg-nex-data.s3.ap-southeast-1.amazonaws.com/data/sequencing_data/fastq/SGNex_Hct116_directRNA_replicate2_run5/SGNex_Hct116_directRNA_replicate2_run5.fastq.gz	https://sg-nex-data.s3.ap-southeast-1.amazonaws.com/data/sequencing_data/bam/genome/SGNex_Hct116_directRNA_replicate2_run5/SGNex_Hct116_directRNA_replicate2_run5.bam	https://sg-nex-data.s3.ap-southeast-1.amazonaws.com/data/sequencing_data/bam/transcriptome/SGNex_Hct116_directRNA_replicate2_run5/SGNex_Hct116_directRNA_replicate2_run5.bam	https://sg-nex-data.s3.ap-southeast-1.amazonaws.com/data/sequencing_data/genome_browser_data/bigbed/SGNex_Hct116_directRNA_replicate2_run5.bigbed	https://sg-nex-data.s3.ap-southeast-1.amazonaws.com/data/sequencing_data/genome_browser_data/bigwig/SGNex_Hct116_directRNA_replicate2_run5.bigwig
SGNex_Hct116_directRNA_replicate2_run6	Hct116	directRNA	FLO-MIN106	SQK-RNA001	MinION		albacore-GIS	20180604		https://sg-nex-data.s3.ap-southeast-1.amazonaws.com/data/sequencing_data/fast5/SGNex_Hct116_directRNA_replicate2_run6/SGNex_Hct116_directRNA_replicate2_run6.tar.gz	https://sg-nex-data.s3.ap-southeast-1.amazonaws.com/data/sequencing_data/fastq/SGNex_Hct116_directRNA_replicate2_run6/SGNex_Hct116_directRNA_replicate2_run6.fastq.gz	https://sg-nex-data.s3.ap-southeast-1.amazonaws.com/data/sequencing_data/bam/genome/SGNex_Hct116_directRNA_replicate2_run6/SGNex_Hct116_directRNA_replicate2_run6.bam	https://sg-nex-data.s3.ap-southeast-1.amazonaws.com/data/sequencing_data/bam/transcriptome/SGNex_Hct116_directRNA_replicate2_run6/SGNex_Hct116_directRNA_replicate2_run6.bam	https://sg-nex-data.s3.ap-southeast-1.amazonaws.com/data/sequencing_data/genome_browser_data/bigbed/SGNex_Hct116_directRNA_replicate2_run6.bigbed	https://sg-nex-data.s3.ap-southeast-1.amazonaws.com/data/sequencing_data/genome_browser_data/bigwig/SGNex_Hct116_directRNA_replicate2_run6.bigwig
SGNex_Hct116_directRNA_replicate3_run1	Hct116	directRNA	FLO-MIN106D	SQK-RNA002	GridION		guppy-1.4.3-GIS	20190322	Yes	https://sg-nex-data.s3.ap-southeast-1.amazonaws.com/data/sequencing_data/fast5/SGNex_Hct116_directRNA_replicate3_run1/SGNex_Hct116_directRNA_replicate3_run1.tar.gz	https://sg-nex-data.s3.ap-southeast-1.amazonaws.com/data/sequencing_data/fastq/SGNex_Hct116_directRNA_replicate3_run1/SGNex_Hct116_directRNA_replicate3_run1.fastq.gz	https://sg-nex-data.s3.ap-southeast-1.amazonaws.com/data/sequencing_data/bam/genome/SGNex_Hct116_directRNA_replicate3_run1/SGNex_Hct116_directRNA_replicate3_run1.bam	https://sg-nex-data.s3.ap-southeast-1.amazonaws.com/data/sequencing_data/bam/transcriptome/SGNex_Hct116_directRNA_replicate3_run1/SGNex_Hct116_directRNA_replicate3_run1.bam	https://sg-nex-data.s3.ap-southeast-1.amazonaws.com/data/sequencing_data/genome_browser_data/bigbed/SGNex_Hct116_directRNA_replicate3_run1.bigbed	https://sg-nex-data.s3.ap-southeast-1.amazonaws.com/data/sequencing_data/genome_browser_data/bigwig/SGNex_Hct116_directRNA_replicate3_run1.bigwig
SGNex_Hct116_directRNA_replicate3_run4	Hct116	directRNA	FLO-MIN106D	SQK-RNA002	GridION		guppy-3.2.10-GIS	20200302	Yes	https://sg-nex-data.s3.ap-southeast-1.amazonaws.com/data/sequencing_data/fast5/SGNex_Hct116_directRNA_replicate3_run4/SGNex_Hct116_directRNA_replicate3_run4.tar.gz	https://sg-nex-data.s3.ap-southeast-1.amazonaws.com/data/sequencing_data/fastq/SGNex_Hct116_directRNA_replicate3_run4/SGNex_Hct116_directRNA_replicate3_run4.fastq.gz	https://sg-nex-data.s3.ap-southeast-1.amazonaws.com/data/sequencing_data/bam/genome/SGNex_Hct116_directRNA_replicate3_run4/SGNex_Hct116_directRNA_replicate3_run4.bam	https://sg-nex-data.s3.ap-southeast-1.amazonaws.com/data/sequencing_data/bam/transcriptome/SGNex_Hct116_directRNA_replicate3_run4/SGNex_Hct116_directRNA_replicate3_run4.bam	https://sg-nex-data.s3.ap-southeast-1.amazonaws.com/data/sequencing_data/genome_browser_data/bigbed/SGNex_Hct116_directRNA_replicate3_run4.bigbed	https://sg-nex-data.s3.ap-southeast-1.amazonaws.com/data/sequencing_data/genome_browser_data/bigwig/SGNex_Hct116_directRNA_replicate3_run4.bigwig
SGNex_Hct116_directRNA_replicate4_run3	Hct116	directRNA	FLO-MIN106D	SQK-RNA002	GridION		guppy-3.2.10-GIS	20200302	Yes	https://sg-nex-data.s3.ap-southeast-1.amazonaws.com/data/sequencing_data/fast5/SGNex_Hct116_directRNA_replicate4_run3/SGNex_Hct116_directRNA_replicate4_run3.tar.gz	https://sg-nex-data.s3.ap-southeast-1.amazonaws.com/data/sequencing_data/fastq/SGNex_Hct116_directRNA_replicate4_run3/SGNex_Hct116_directRNA_replicate4_run3.fastq.gz	https://sg-nex-data.s3.ap-southeast-1.amazonaws.com/data/sequencing_data/bam/genome/SGNex_Hct116_directRNA_replicate4_run3/SGNex_Hct116_directRNA_replicate4_run3.bam	https://sg-nex-data.s3.ap-southeast-1.amazonaws.com/data/sequencing_data/bam/transcriptome/SGNex_Hct116_directRNA_replicate4_run3/SGNex_Hct116_directRNA_replicate4_run3.bam	https://sg-nex-data.s3.ap-southeast-1.amazonaws.com/data/sequencing_data/genome_browser_data/bigbed/SGNex_Hct116_directRNA_replicate4_run3.bigbed	https://sg-nex-data.s3.ap-southeast-1.amazonaws.com/data/sequencing_data/genome_browser_data/bigwig/SGNex_Hct116_directRNA_replicate4_run3.bigwig
SGNex_Hct116_directRNA_replicate6_run1	Hct116	directRNA	FLO-MIN106	SQK-RNA001	MinION		albacore-2.3.1	20180815		https://sg-nex-data.s3.ap-southeast-1.amazonaws.com/data/sequencing_data/fast5/SGNex_Hct116_directRNA_replicate6_run1/SGNex_Hct116_directRNA_replicate6_run1.tar.gz	https://sg-nex-data.s3.ap-southeast-1.amazonaws.com/data/sequencing_data/fastq/SGNex_Hct116_directRNA_replicate6_run1/SGNex_Hct116_directRNA_replicate6_run1.fastq.gz	https://sg-nex-data.s3.ap-southeast-1.amazonaws.com/data/sequencing_data/bam/genome/SGNex_Hct116_directRNA_replicate6_run1/SGNex_Hct116_directRNA_replicate6_run1.bam	https://sg-nex-data.s3.ap-southeast-1.amazonaws.com/data/sequencing_data/bam/transcriptome/SGNex_Hct116_directRNA_replicate6_run1/SGNex_Hct116_directRNA_replicate6_run1.bam	https://sg-nex-data.s3.ap-southeast-1.amazonaws.com/data/sequencing_data/genome_browser_data/bigbed/SGNex_Hct116_directRNA_replicate6_run1.bigbed	https://sg-nex-data.s3.ap-southeast-1.amazonaws.com/data/sequencing_data/genome_browser_data/bigwig/SGNex_Hct116_directRNA_replicate6_run1.bigwig
SGNex_Hek293T_directRNA_replicate1_run1	Hek293T	directRNA	FLO-MIN106	SQK-RNA001	MinION		albacore-2.3.1	20180824		https://sg-nex-data.s3.ap-southeast-1.amazonaws.com/data/sequencing_data/fast5/SGNex_Hek293T_directRNA_replicate1_run1/SGNex_Hek293T_directRNA_replicate1_run1.tar.gz	https://sg-nex-data.s3.ap-southeast-1.amazonaws.com/data/sequencing_data/fastq/SGNex_Hek293T_directRNA_replicate1_run1/SGNex_Hek293T_directRNA_replicate1_run1.fastq.gz	https://sg-nex-data.s3.ap-southeast-1.amazonaws.com/data/sequencing_data/bam/genome/SGNex_Hek293T_directRNA_replicate1_run1/SGNex_Hek293T_directRNA_replicate1_run1.bam	https://sg-nex-data.s3.ap-southeast-1.amazonaws.com/data/sequencing_data/bam/transcriptome/SGNex_Hek293T_directRNA_replicate1_run1/SGNex_Hek293T_directRNA_replicate1_run1.bam	https://sg-nex-data.s3.ap-southeast-1.amazonaws.com/data/sequencing_data/genome_browser_data/bigbed/SGNex_Hek293T_directRNA_replicate1_run1.bigbed	https://sg-nex-data.s3.ap-southeast-1.amazonaws.com/data/sequencing_data/genome_browser_data/bigwig/SGNex_Hek293T_directRNA_replicate1_run1.bigwig
SGNex_Hek293T_directRNA_replicate2_run1	Hek293T	directRNA	FLO-MIN106D	SQK-RNA001	MinION		guppy-2.1.3-albacore	20181120		https://sg-nex-data.s3.ap-southeast-1.amazonaws.com/data/sequencing_data/fast5/SGNex_Hek293T_directRNA_replicate2_run1/SGNex_Hek293T_directRNA_replicate2_run1.tar.gz	https://sg-nex-data.s3.ap-southeast-1.amazonaws.com/data/sequencing_data/fastq/SGNex_Hek293T_directRNA_replicate2_run1/SGNex_Hek293T_directRNA_replicate2_run1.fastq.gz	https://sg-nex-data.s3.ap-southeast-1.amazonaws.com/data/sequencing_data/bam/genome/SGNex_Hek293T_directRNA_replicate2_run1/SGNex_Hek293T_directRNA_replicate2_run1.bam	https://sg-nex-data.s3.ap-southeast-1.amazonaws.com/data/sequencing_data/bam/transcriptome/SGNex_Hek293T_directRNA_replicate2_run1/SGNex_Hek293T_directRNA_replicate2_run1.bam	https://sg-nex-data.s3.ap-southeast-1.amazonaws.com/data/sequencing_data/genome_browser_data/bigbed/SGNex_Hek293T_directRNA_replicate2_run1.bigbed	https://sg-nex-data.s3.ap-southeast-1.amazonaws.com/data/sequencing_data/genome_browser_data/bigwig/SGNex_Hek293T_directRNA_replicate2_run1.bigwig
SGNex_Hek293T_directRNA_replicate3_run1	Hek293T	directRNA	FLO-MIN106D	SQK-RNA002	MinION		guppy-flipflop-MinIT	20190819		https://sg-nex-data.s3.ap-southeast-1.amazonaws.com/data/sequencing_data/fast5/SGNex_Hek293T_directRNA_replicate3_run1/SGNex_Hek293T_directRNA_replicate3_run1.tar.gz	https://sg-nex-data.s3.ap-southeast-1.amazonaws.com/data/sequencing_data/fastq/SGNex_Hek293T_directRNA_replicate3_run1/SGNex_Hek293T_directRNA_replicate3_run1.fastq.gz	https://sg-nex-data.s3.ap-southeast-1.amazonaws.com/data/sequencing_data/bam/genome/SGNex_Hek293T_directRNA_replicate3_run1/SGNex_Hek293T_directRNA_replicate3_run1.bam	https://sg-nex-data.s3.ap-southeast-1.amazonaws.com/data/sequencing_data/bam/transcriptome/SGNex_Hek293T_directRNA_replicate3_run1/SGNex_Hek293T_directRNA_replicate3_run1.bam	https://sg-nex-data.s3.ap-southeast-1.amazonaws.com/data/sequencing_data/genome_browser_data/bigbed/SGNex_Hek293T_directRNA_replicate3_run1.bigbed	https://sg-nex-data.s3.ap-southeast-1.amazonaws.com/data/sequencing_data/genome_browser_data/bigwig/SGNex_Hek293T_directRNA_replicate3_run1.bigwig
SGNex_Hek293T_directRNA_replicate4_run1	Hek293T	directRNA	FLO-MIN106	SQK-RNA002	MinION		guppy-flipflop-MinIT	20190923		https://sg-nex-data.s3.ap-southeast-1.amazonaws.com/data/sequencing_data/fast5/SGNex_Hek293T_directRNA_replicate4_run1/SGNex_Hek293T_directRNA_replicate4_run1.tar.gz	https://sg-nex-data.s3.ap-southeast-1.amazonaws.com/data/sequencing_data/fastq/SGNex_Hek293T_directRNA_replicate4_run1/SGNex_Hek293T_directRNA_replicate4_run1.fastq.gz	https://sg-nex-data.s3.ap-southeast-1.amazonaws.com/data/sequencing_data/bam/genome/SGNex_Hek293T_directRNA_replicate4_run1/SGNex_Hek293T_directRNA_replicate4_run1.bam	https://sg-nex-data.s3.ap-southeast-1.amazonaws.com/data/sequencing_data/bam/transcriptome/SGNex_Hek293T_directRNA_replicate4_run1/SGNex_Hek293T_directRNA_replicate4_run1.bam	https://sg-nex-data.s3.ap-southeast-1.amazonaws.com/data/sequencing_data/genome_browser_data/bigbed/SGNex_Hek293T_directRNA_replicate4_run1.bigbed	https://sg-nex-data.s3.ap-southeast-1.amazonaws.com/data/sequencing_data/genome_browser_data/bigwig/SGNex_Hek293T_directRNA_replicate4_run1.bigwig
SGNex_HepG2_cDNA_replicate1_run4	HepG2	cDNA	FLO-MIN106	SQK-PCS108	MinION		albacore-GIS	20180621		https://sg-nex-data.s3.ap-southeast-1.amazonaws.com/data/sequencing_data/fast5/SGNex_HepG2_cDNA_replicate1_run4/SGNex_HepG2_cDNA_replicate1_run4.tar.gz	https://sg-nex-data.s3.ap-southeast-1.amazonaws.com/data/sequencing_data/fastq/SGNex_HepG2_cDNA_replicate1_run4/SGNex_HepG2_cDNA_replicate1_run4.fastq.gz	https://sg-nex-data.s3.ap-southeast-1.amazonaws.com/data/sequencing_data/bam/genome/SGNex_HepG2_cDNA_replicate1_run4/SGNex_HepG2_cDNA_replicate1_run4.bam	https://sg-nex-data.s3.ap-southeast-1.amazonaws.com/data/sequencing_data/bam/transcriptome/SGNex_HepG2_cDNA_replicate1_run4/SGNex_HepG2_cDNA_replicate1_run4.bam	https://sg-nex-data.s3.ap-southeast-1.amazonaws.com/data/sequencing_data/genome_browser_data/bigbed/SGNex_HepG2_cDNA_replicate1_run4.bigbed	https://sg-nex-data.s3.ap-southeast-1.amazonaws.com/data/sequencing_data/genome_browser_data/bigwig/SGNex_HepG2_cDNA_replicate1_run4.bigwig
SGNex_HepG2_cDNAStranded_replicate4_run3	HepG2	cDNAStranded	FLO-MIN106	SQK-PCS109	MinION		guppy-1.4.3-GIS	20181031		https://sg-nex-data.s3.ap-southeast-1.amazonaws.com/data/sequencing_data/fast5/SGNex_HepG2_cDNAStranded_replicate4_run3/SGNex_HepG2_cDNAStranded_replicate4_run3.tar.gz	https://sg-nex-data.s3.ap-southeast-1.amazonaws.com/data/sequencing_data/fastq/SGNex_HepG2_cDNAStranded_replicate4_run3/SGNex_HepG2_cDNAStranded_replicate4_run3.fastq.gz	https://sg-nex-data.s3.ap-southeast-1.amazonaws.com/data/sequencing_data/bam/genome/SGNex_HepG2_cDNAStranded_replicate4_run3/SGNex_HepG2_cDNAStranded_replicate4_run3.bam	https://sg-nex-data.s3.ap-southeast-1.amazonaws.com/data/sequencing_data/bam/transcriptome/SGNex_HepG2_cDNAStranded_replicate4_run3/SGNex_HepG2_cDNAStranded_replicate4_run3.bam	https://sg-nex-data.s3.ap-southeast-1.amazonaws.com/data/sequencing_data/genome_browser_data/bigbed/SGNex_HepG2_cDNAStranded_replicate4_run3.bigbed	https://sg-nex-data.s3.ap-southeast-1.amazonaws.com/data/sequencing_data/genome_browser_data/bigwig/SGNex_HepG2_cDNAStranded_replicate4_run3.bigwig
SGNex_HepG2_cDNAStranded_replicate5_run4	HepG2	cDNAStranded	FLO-MIN106D	SQK-PCS109	MinION		guppy-2.1.3-albacore	20181217		https://sg-nex-data.s3.ap-southeast-1.amazonaws.com/data/sequencing_data/fast5/SGNex_HepG2_cDNAStranded_replicate5_run4/SGNex_HepG2_cDNAStranded_replicate5_run4.tar.gz	https://sg-nex-data.s3.ap-southeast-1.amazonaws.com/data/sequencing_data/fastq/SGNex_HepG2_cDNAStranded_replicate5_run4/SGNex_HepG2_cDNAStranded_replicate5_run4.fastq.gz	https://sg-nex-data.s3.ap-southeast-1.amazonaws.com/data/sequencing_data/bam/genome/SGNex_HepG2_cDNAStranded_replicate5_run4/SGNex_HepG2_cDNAStranded_replicate5_run4.bam	https://sg-nex-data.s3.ap-southeast-1.amazonaws.com/data/sequencing_data/bam/transcriptome/SGNex_HepG2_cDNAStranded_replicate5_run4/SGNex_HepG2_cDNAStranded_replicate5_run4.bam	https://sg-nex-data.s3.ap-southeast-1.amazonaws.com/data/sequencing_data/genome_browser_data/bigbed/SGNex_HepG2_cDNAStranded_replicate5_run4.bigbed	https://sg-nex-data.s3.ap-southeast-1.amazonaws.com/data/sequencing_data/genome_browser_data/bigwig/SGNex_HepG2_cDNAStranded_replicate5_run4.bigwig
SGNex_HepG2_directcDNA_replicate1_run1	HepG2	direct-cDNA	FLO-PRO001	SQK-DCS108	PromethION		albacore-GIS	20180604		https://sg-nex-data.s3.ap-southeast-1.amazonaws.com/data/sequencing_data/fast5/SGNex_HepG2_directcDNA_replicate1_run1/SGNex_HepG2_directcDNA_replicate1_run1.tar.gz	https://sg-nex-data.s3.ap-southeast-1.amazonaws.com/data/sequencing_data/fastq/SGNex_HepG2_directcDNA_replicate1_run1/SGNex_HepG2_directcDNA_replicate1_run1.fastq.gz	https://sg-nex-data.s3.ap-southeast-1.amazonaws.com/data/sequencing_data/bam/genome/SGNex_HepG2_directcDNA_replicate1_run1/SGNex_HepG2_directcDNA_replicate1_run1.bam	https://sg-nex-data.s3.ap-southeast-1.amazonaws.com/data/sequencing_data/bam/transcriptome/SGNex_HepG2_directcDNA_replicate1_run1/SGNex_HepG2_directcDNA_replicate1_run1.bam	https://sg-nex-data.s3.ap-southeast-1.amazonaws.com/data/sequencing_data/genome_browser_data/bigbed/SGNex_HepG2_directcDNA_replicate1_run1.bigbed	https://sg-nex-data.s3.ap-southeast-1.amazonaws.com/data/sequencing_data/genome_browser_data/bigwig/SGNex_HepG2_directcDNA_replicate1_run1.bigwig
SGNex_HepG2_directcDNA_replicate1_run2	HepG2	direct-cDNA	FLO-MIN106	SQK-DCS108	MinION		albacore-GIS	20180613		https://sg-nex-data.s3.ap-southeast-1.amazonaws.com/data/sequencing_data/fast5/SGNex_HepG2_directcDNA_replicate1_run2/SGNex_HepG2_directcDNA_replicate1_run2.tar.gz	https://sg-nex-data.s3.ap-southeast-1.amazonaws.com/data/sequencing_data/fastq/SGNex_HepG2_directcDNA_replicate1_run2/SGNex_HepG2_directcDNA_replicate1_run2.fastq.gz	https://sg-nex-data.s3.ap-southeast-1.amazonaws.com/data/sequencing_data/bam/genome/SGNex_HepG2_directcDNA_replicate1_run2/SGNex_HepG2_directcDNA_replicate1_run2.bam	https://sg-nex-data.s3.ap-southeast-1.amazonaws.com/data/sequencing_data/bam/transcriptome/SGNex_HepG2_directcDNA_replicate1_run2/SGNex_HepG2_directcDNA_replicate1_run2.bam	https://sg-nex-data.s3.ap-southeast-1.amazonaws.com/data/sequencing_data/genome_browser_data/bigbed/SGNex_HepG2_directcDNA_replicate1_run2.bigbed	https://sg-nex-data.s3.ap-southeast-1.amazonaws.com/data/sequencing_data/genome_browser_data/bigwig/SGNex_HepG2_directcDNA_replicate1_run2.bigwig
SGNex_HepG2_directcDNA_replicate4_run1	HepG2	direct-cDNA	FLO-MIN106	SQK-DCS108	MinION		albacore-GIS	20181003		https://sg-nex-data.s3.ap-southeast-1.amazonaws.com/data/sequencing_data/fast5/SGNex_HepG2_directcDNA_replicate4_run1/SGNex_HepG2_directcDNA_replicate4_run1.tar.gz	https://sg-nex-data.s3.ap-southeast-1.amazonaws.com/data/sequencing_data/fastq/SGNex_HepG2_directcDNA_replicate4_run1/SGNex_HepG2_directcDNA_replicate4_run1.fastq.gz	https://sg-nex-data.s3.ap-southeast-1.amazonaws.com/data/sequencing_data/bam/genome/SGNex_HepG2_directcDNA_replicate4_run1/SGNex_HepG2_directcDNA_replicate4_run1.bam	https://sg-nex-data.s3.ap-southeast-1.amazonaws.com/data/sequencing_data/bam/transcriptome/SGNex_HepG2_directcDNA_replicate4_run1/SGNex_HepG2_directcDNA_replicate4_run1.bam	https://sg-nex-data.s3.ap-southeast-1.amazonaws.com/data/sequencing_data/genome_browser_data/bigbed/SGNex_HepG2_directcDNA_replicate4_run1.bigbed	https://sg-nex-data.s3.ap-southeast-1.amazonaws.com/data/sequencing_data/genome_browser_data/bigwig/SGNex_HepG2_directcDNA_replicate4_run1.bigwig
SGNex_HepG2_directcDNA_replicate4_run2	HepG2	direct-cDNA	FLO-MIN106	SQK-DCS108	GridION		guppy-1.4.3-GIS	20181017		https://sg-nex-data.s3.ap-southeast-1.amazonaws.com/data/sequencing_data/fast5/SGNex_HepG2_directcDNA_replicate4_run2/SGNex_HepG2_directcDNA_replicate4_run2.tar.gz	https://sg-nex-data.s3.ap-southeast-1.amazonaws.com/data/sequencing_data/fastq/SGNex_HepG2_directcDNA_replicate4_run2/SGNex_HepG2_directcDNA_replicate4_run2.fastq.gz	https://sg-nex-data.s3.ap-southeast-1.amazonaws.com/data/sequencing_data/bam/genome/SGNex_HepG2_directcDNA_replicate4_run2/SGNex_HepG2_directcDNA_replicate4_run2.bam	https://sg-nex-data.s3.ap-southeast-1.amazonaws.com/data/sequencing_data/bam/transcriptome/SGNex_HepG2_directcDNA_replicate4_run2/SGNex_HepG2_directcDNA_replicate4_run2.bam	https://sg-nex-data.s3.ap-southeast-1.amazonaws.com/data/sequencing_data/genome_browser_data/bigbed/SGNex_HepG2_directcDNA_replicate4_run2.bigbed	https://sg-nex-data.s3.ap-southeast-1.amazonaws.com/data/sequencing_data/genome_browser_data/bigwig/SGNex_HepG2_directcDNA_replicate4_run2.bigwig
SGNex_HepG2_directcDNA_replicate5_run3	HepG2	direct-cDNA	FLO-MIN106D	SQK-DCS109	MinION	SGNex_directcDNA_MUX_Sample1	guppy-1.4.3-GIS	20181123		https://sg-nex-data.s3.ap-southeast-1.amazonaws.com/data/sequencing_data/fast5/SGNex_directcDNA_MUX_Sample1_copy/SGNex_directcDNA_MUX_Sample1_copy.tar.gz	https://sg-nex-data.s3.ap-southeast-1.amazonaws.com/data/sequencing_data/fastq/SGNex_HepG2_directcDNA_replicate5_run3/SGNex_HepG2_directcDNA_replicate5_run3.fastq.gz	https://sg-nex-data.s3.ap-southeast-1.amazonaws.com/data/sequencing_data/bam/genome/SGNex_HepG2_directcDNA_replicate5_run3/SGNex_HepG2_directcDNA_replicate5_run3.bam	https://sg-nex-data.s3.ap-southeast-1.amazonaws.com/data/sequencing_data/bam/transcriptome/SGNex_HepG2_directcDNA_replicate5_run3/SGNex_HepG2_directcDNA_replicate5_run3.bam	https://sg-nex-data.s3.ap-southeast-1.amazonaws.com/data/sequencing_data/genome_browser_data/bigbed/SGNex_HepG2_directcDNA_replicate5_run3.bigbed	https://sg-nex-data.s3.ap-southeast-1.amazonaws.com/data/sequencing_data/genome_browser_data/bigwig/SGNex_HepG2_directcDNA_replicate5_run3.bigwig
SGNex_HepG2_directRNA_replicate1_run3	HepG2	directRNA	FLO-MIN106	SQK-RNA001	GridION		guppy-1.4.3-GIS	20180620		https://sg-nex-data.s3.ap-southeast-1.amazonaws.com/data/sequencing_data/fast5/SGNex_HepG2_directRNA_replicate1_run3/SGNex_HepG2_directRNA_replicate1_run3.tar.gz	https://sg-nex-data.s3.ap-southeast-1.amazonaws.com/data/sequencing_data/fastq/SGNex_HepG2_directRNA_replicate1_run3/SGNex_HepG2_directRNA_replicate1_run3.fastq.gz	https://sg-nex-data.s3.ap-southeast-1.amazonaws.com/data/sequencing_data/bam/genome/SGNex_HepG2_directRNA_replicate1_run3/SGNex_HepG2_directRNA_replicate1_run3.bam	https://sg-nex-data.s3.ap-southeast-1.amazonaws.com/data/sequencing_data/bam/transcriptome/SGNex_HepG2_directRNA_replicate1_run3/SGNex_HepG2_directRNA_replicate1_run3.bam	https://sg-nex-data.s3.ap-southeast-1.amazonaws.com/data/sequencing_data/genome_browser_data/bigbed/SGNex_HepG2_directRNA_replicate1_run3.bigbed	https://sg-nex-data.s3.ap-southeast-1.amazonaws.com/data/sequencing_data/genome_browser_data/bigwig/SGNex_HepG2_directRNA_replicate1_run3.bigwig
SGNex_HepG2_directRNA_replicate2_run1	HepG2	directRNA	FLO-MIN106	SQK-RNA001	MinION		albacore-GIS	20180831		https://sg-nex-data.s3.ap-southeast-1.amazonaws.com/data/sequencing_data/fast5/SGNex_HepG2_directRNA_replicate2_run1/SGNex_HepG2_directRNA_replicate2_run1.tar.gz	https://sg-nex-data.s3.ap-southeast-1.amazonaws.com/data/sequencing_data/fastq/SGNex_HepG2_directRNA_replicate2_run1/SGNex_HepG2_directRNA_replicate2_run1.fastq.gz	https://sg-nex-data.s3.ap-southeast-1.amazonaws.com/data/sequencing_data/bam/genome/SGNex_HepG2_directRNA_replicate2_run1/SGNex_HepG2_directRNA_replicate2_run1.bam	https://sg-nex-data.s3.ap-southeast-1.amazonaws.com/data/sequencing_data/bam/transcriptome/SGNex_HepG2_directRNA_replicate2_run1/SGNex_HepG2_directRNA_replicate2_run1.bam	https://sg-nex-data.s3.ap-southeast-1.amazonaws.com/data/sequencing_data/genome_browser_data/bigbed/SGNex_HepG2_directRNA_replicate2_run1.bigbed	https://sg-nex-data.s3.ap-southeast-1.amazonaws.com/data/sequencing_data/genome_browser_data/bigwig/SGNex_HepG2_directRNA_replicate2_run1.bigwig
SGNex_HepG2_directRNA_replicate3_run1	HepG2	directRNA	FLO-MIN106	SQK-RNA001	GridION		guppy-1.4.3-GIS	20180924		https://sg-nex-data.s3.ap-southeast-1.amazonaws.com/data/sequencing_data/fast5/SGNex_HepG2_directRNA_replicate3_run1/SGNex_HepG2_directRNA_replicate3_run1.tar.gz	https://sg-nex-data.s3.ap-southeast-1.amazonaws.com/data/sequencing_data/fastq/SGNex_HepG2_directRNA_replicate3_run1/SGNex_HepG2_directRNA_replicate3_run1.fastq.gz	https://sg-nex-data.s3.ap-southeast-1.amazonaws.com/data/sequencing_data/bam/genome/SGNex_HepG2_directRNA_replicate3_run1/SGNex_HepG2_directRNA_replicate3_run1.bam	https://sg-nex-data.s3.ap-southeast-1.amazonaws.com/data/sequencing_data/bam/transcriptome/SGNex_HepG2_directRNA_replicate3_run1/SGNex_HepG2_directRNA_replicate3_run1.bam	https://sg-nex-data.s3.ap-southeast-1.amazonaws.com/data/sequencing_data/genome_browser_data/bigbed/SGNex_HepG2_directRNA_replicate3_run1.bigbed	https://sg-nex-data.s3.ap-southeast-1.amazonaws.com/data/sequencing_data/genome_browser_data/bigwig/SGNex_HepG2_directRNA_replicate3_run1.bigwig
SGNex_HepG2_directRNA_replicate5_run1	HepG2	directRNA	FLO-PRO002	SQK-RNA002	PromethION		guppy-1.4.3-GIS	20181121		https://sg-nex-data.s3.ap-southeast-1.amazonaws.com/data/sequencing_data/fast5/SGNex_HepG2_directRNA_replicate5_run1/SGNex_HepG2_directRNA_replicate5_run1.tar.gz	https://sg-nex-data.s3.ap-southeast-1.amazonaws.com/data/sequencing_data/fastq/SGNex_HepG2_directRNA_replicate5_run1/SGNex_HepG2_directRNA_replicate5_run1.fastq.gz	https://sg-nex-data.s3.ap-southeast-1.amazonaws.com/data/sequencing_data/bam/genome/SGNex_HepG2_directRNA_replicate5_run1/SGNex_HepG2_directRNA_replicate5_run1.bam	https://sg-nex-data.s3.ap-southeast-1.amazonaws.com/data/sequencing_data/bam/transcriptome/SGNex_HepG2_directRNA_replicate5_run1/SGNex_HepG2_directRNA_replicate5_run1.bam	https://sg-nex-data.s3.ap-southeast-1.amazonaws.com/data/sequencing_data/genome_browser_data/bigbed/SGNex_HepG2_directRNA_replicate5_run1.bigbed	https://sg-nex-data.s3.ap-southeast-1.amazonaws.com/data/sequencing_data/genome_browser_data/bigwig/SGNex_HepG2_directRNA_replicate5_run1.bigwig
SGNex_HepG2_directRNA_replicate5_run2	HepG2	directRNA	FLO-MIN106D	SQK-RNA002	MinION		albacore-GIS	20181121	Yes	https://sg-nex-data.s3.ap-southeast-1.amazonaws.com/data/sequencing_data/fast5/SGNex_HepG2_directRNA_replicate5_run2/SGNex_HepG2_directRNA_replicate5_run2.tar.gz	https://sg-nex-data.s3.ap-southeast-1.amazonaws.com/data/sequencing_data/fastq/SGNex_HepG2_directRNA_replicate5_run2/SGNex_HepG2_directRNA_replicate5_run2.fastq.gz	https://sg-nex-data.s3.ap-southeast-1.amazonaws.com/data/sequencing_data/bam/genome/SGNex_HepG2_directRNA_replicate5_run2/SGNex_HepG2_directRNA_replicate5_run2.bam	https://sg-nex-data.s3.ap-southeast-1.amazonaws.com/data/sequencing_data/bam/transcriptome/SGNex_HepG2_directRNA_replicate5_run2/SGNex_HepG2_directRNA_replicate5_run2.bam	https://sg-nex-data.s3.ap-southeast-1.amazonaws.com/data/sequencing_data/genome_browser_data/bigbed/SGNex_HepG2_directRNA_replicate5_run2.bigbed	https://sg-nex-data.s3.ap-southeast-1.amazonaws.com/data/sequencing_data/genome_browser_data/bigwig/SGNex_HepG2_directRNA_replicate5_run2.bigwig
SGNex_HepG2_directRNA_replicate6_run1	HepG2	directRNA	FLO-MIN106D	SQK-RNA002	GridION		guppy-flipflop-MinIT	20181011	Yes	https://sg-nex-data.s3.ap-southeast-1.amazonaws.com/data/sequencing_data/fast5/SGNex_HepG2_directRNA_replicate6_run1/SGNex_HepG2_directRNA_replicate6_run1.tar.gz	https://sg-nex-data.s3.ap-southeast-1.amazonaws.com/data/sequencing_data/fastq/SGNex_HepG2_directRNA_replicate6_run1/SGNex_HepG2_directRNA_replicate6_run1.fastq.gz	https://sg-nex-data.s3.ap-southeast-1.amazonaws.com/data/sequencing_data/bam/genome/SGNex_HepG2_directRNA_replicate6_run1/SGNex_HepG2_directRNA_replicate6_run1.bam	https://sg-nex-data.s3.ap-southeast-1.amazonaws.com/data/sequencing_data/bam/transcriptome/SGNex_HepG2_directRNA_replicate6_run1/SGNex_HepG2_directRNA_replicate6_run1.bam	https://sg-nex-data.s3.ap-southeast-1.amazonaws.com/data/sequencing_data/genome_browser_data/bigbed/SGNex_HepG2_directRNA_replicate6_run1.bigbed	https://sg-nex-data.s3.ap-southeast-1.amazonaws.com/data/sequencing_data/genome_browser_data/bigwig/SGNex_HepG2_directRNA_replicate6_run1.bigwig
SGNex_HN1NPC7_cDNA_replicate1_run1	HN1-NPC7	cDNA	FLO-MIN106	SQK-LSK208	MinION		albacore-GIS	20181004		https://sg-nex-data.s3.ap-southeast-1.amazonaws.com/data/sequencing_data/fast5/SGNex_HN1NPC7_cDNA_replicate1_run1/SGNex_HN1NPC7_cDNA_replicate1_run1.tar.gz	https://sg-nex-data.s3.ap-southeast-1.amazonaws.com/data/sequencing_data/fastq/SGNex_HN1NPC7_cDNA_replicate1_run1/SGNex_HN1NPC7_cDNA_replicate1_run1.fastq.gz	https://sg-nex-data.s3.ap-southeast-1.amazonaws.com/data/sequencing_data/bam/genome/SGNex_HN1NPC7_cDNA_replicate1_run1/SGNex_HN1NPC7_cDNA_replicate1_run1.bam	https://sg-nex-data.s3.ap-southeast-1.amazonaws.com/data/sequencing_data/bam/transcriptome/SGNex_HN1NPC7_cDNA_replicate1_run1/SGNex_HN1NPC7_cDNA_replicate1_run1.bam	https://sg-nex-data.s3.ap-southeast-1.amazonaws.com/data/sequencing_data/genome_browser_data/bigbed/SGNex_HN1NPC7_cDNA_replicate1_run1.bigbed	https://sg-nex-data.s3.ap-southeast-1.amazonaws.com/data/sequencing_data/genome_browser_data/bigwig/SGNex_HN1NPC7_cDNA_replicate1_run1.bigwig
SGNex_IM95_directRNA_replicate1_run1	IM95	directRNA	FLO-MIN106D	SQK-RNA001	MinION		guppy-2.1.3-albacore	20190118		https://sg-nex-data.s3.ap-southeast-1.amazonaws.com/data/sequencing_data/fast5/SGNex_IM95_directRNA_replicate1_run1/SGNex_IM95_directRNA_replicate1_run1.tar.gz	https://sg-nex-data.s3.ap-southeast-1.amazonaws.com/data/sequencing_data/fastq/SGNex_IM95_directRNA_replicate1_run1/SGNex_IM95_directRNA_replicate1_run1.fastq.gz	https://sg-nex-data.s3.ap-southeast-1.amazonaws.com/data/sequencing_data/bam/genome/SGNex_IM95_directRNA_replicate1_run1/SGNex_IM95_directRNA_replicate1_run1.bam	https://sg-nex-data.s3.ap-southeast-1.amazonaws.com/data/sequencing_data/bam/transcriptome/SGNex_IM95_directRNA_replicate1_run1/SGNex_IM95_directRNA_replicate1_run1.bam	https://sg-nex-data.s3.ap-southeast-1.amazonaws.com/data/sequencing_data/genome_browser_data/bigbed/SGNex_IM95_directRNA_replicate1_run1.bigbed	https://sg-nex-data.s3.ap-southeast-1.amazonaws.com/data/sequencing_data/genome_browser_data/bigwig/SGNex_IM95_directRNA_replicate1_run1.bigwig
SGNex_K562_cDNA_replicate1_run3	K562	cDNA	FLO-MIN106	SQK-PCS108	MinION		albacore-2.3.1	20180711		https://sg-nex-data.s3.ap-southeast-1.amazonaws.com/data/sequencing_data/fast5/SGNex_K562_cDNA_replicate1_run3/SGNex_K562_cDNA_replicate1_run3.tar.gz	https://sg-nex-data.s3.ap-southeast-1.amazonaws.com/data/sequencing_data/fastq/SGNex_K562_cDNA_replicate1_run3/SGNex_K562_cDNA_replicate1_run3.fastq.gz	https://sg-nex-data.s3.ap-southeast-1.amazonaws.com/data/sequencing_data/bam/genome/SGNex_K562_cDNA_replicate1_run3/SGNex_K562_cDNA_replicate1_run3.bam	https://sg-nex-data.s3.ap-southeast-1.amazonaws.com/data/sequencing_data/bam/transcriptome/SGNex_K562_cDNA_replicate1_run3/SGNex_K562_cDNA_replicate1_run3.bam	https://sg-nex-data.s3.ap-southeast-1.amazonaws.com/data/sequencing_data/genome_browser_data/bigbed/SGNex_K562_cDNA_replicate1_run3.bigbed	https://sg-nex-data.s3.ap-southeast-1.amazonaws.com/data/sequencing_data/genome_browser_data/bigwig/SGNex_K562_cDNA_replicate1_run3.bigwig
SGNex_K562_cDNA_replicate3_run4	K562	cDNA	FLO-MIN106D	SQK-PCS109	GridION		guppy-1.4.3-GIS	20190329		https://sg-nex-data.s3.ap-southeast-1.amazonaws.com/data/sequencing_data/fast5/SGNex_K562_cDNA_replicate3_run4/SGNex_K562_cDNA_replicate3_run4.tar.gz	https://sg-nex-data.s3.ap-southeast-1.amazonaws.com/data/sequencing_data/fastq/SGNex_K562_cDNA_replicate3_run4/SGNex_K562_cDNA_replicate3_run4.fastq.gz	https://sg-nex-data.s3.ap-southeast-1.amazonaws.com/data/sequencing_data/bam/genome/SGNex_K562_cDNA_replicate3_run4/SGNex_K562_cDNA_replicate3_run4.bam	https://sg-nex-data.s3.ap-southeast-1.amazonaws.com/data/sequencing_data/bam/transcriptome/SGNex_K562_cDNA_replicate3_run4/SGNex_K562_cDNA_replicate3_run4.bam	https://sg-nex-data.s3.ap-southeast-1.amazonaws.com/data/sequencing_data/genome_browser_data/bigbed/SGNex_K562_cDNA_replicate3_run4.bigbed	https://sg-nex-data.s3.ap-southeast-1.amazonaws.com/data/sequencing_data/genome_browser_data/bigwig/SGNex_K562_cDNA_replicate3_run4.bigwig
SGNex_K562_cDNAStranded_replicate2_run3	K562	cDNAStranded	FLO-MIN106	SQK-PCS109	MinION		guppy-1.4.3-GIS	20181030		https://sg-nex-data.s3.ap-southeast-1.amazonaws.com/data/sequencing_data/fast5/SGNex_K562_cDNAStranded_replicate2_run3/SGNex_K562_cDNAStranded_replicate2_run3.tar.gz	https://sg-nex-data.s3.ap-southeast-1.amazonaws.com/data/sequencing_data/fastq/SGNex_K562_cDNAStranded_replicate2_run3/SGNex_K562_cDNAStranded_replicate2_run3.fastq.gz	https://sg-nex-data.s3.ap-southeast-1.amazonaws.com/data/sequencing_data/bam/genome/SGNex_K562_cDNAStranded_replicate2_run3/SGNex_K562_cDNAStranded_replicate2_run3.bam	https://sg-nex-data.s3.ap-southeast-1.amazonaws.com/data/sequencing_data/bam/transcriptome/SGNex_K562_cDNAStranded_replicate2_run3/SGNex_K562_cDNAStranded_replicate2_run3.bam	https://sg-nex-data.s3.ap-southeast-1.amazonaws.com/data/sequencing_data/genome_browser_data/bigbed/SGNex_K562_cDNAStranded_replicate2_run3.bigbed	https://sg-nex-data.s3.ap-southeast-1.amazonaws.com/data/sequencing_data/genome_browser_data/bigwig/SGNex_K562_cDNAStranded_replicate2_run3.bigwig
SGNex_K562_cDNAStranded_replicate3_run2	K562	cDNAStranded	FLO-MIN106D	SQK-PCS109	MinION		guppy-1.4.3-GIS	20190102		https://sg-nex-data.s3.ap-southeast-1.amazonaws.com/data/sequencing_data/fast5/SGNex_K562_cDNAStranded_replicate3_run2/SGNex_K562_cDNAStranded_replicate3_run2.tar.gz	https://sg-nex-data.s3.ap-southeast-1.amazonaws.com/data/sequencing_data/fastq/SGNex_K562_cDNAStranded_replicate3_run2/SGNex_K562_cDNAStranded_replicate3_run2.fastq.gz	https://sg-nex-data.s3.ap-southeast-1.amazonaws.com/data/sequencing_data/bam/genome/SGNex_K562_cDNAStranded_replicate3_run2/SGNex_K562_cDNAStranded_replicate3_run2.bam	https://sg-nex-data.s3.ap-southeast-1.amazonaws.com/data/sequencing_data/bam/transcriptome/SGNex_K562_cDNAStranded_replicate3_run2/SGNex_K562_cDNAStranded_replicate3_run2.bam	https://sg-nex-data.s3.ap-southeast-1.amazonaws.com/data/sequencing_data/genome_browser_data/bigbed/SGNex_K562_cDNAStranded_replicate3_run2.bigbed	https://sg-nex-data.s3.ap-southeast-1.amazonaws.com/data/sequencing_data/genome_browser_data/bigwig/SGNex_K562_cDNAStranded_replicate3_run2.bigwig
SGNex_K562_cDNAStranded_replicate3_run3	K562	cDNAStranded	FLO-MIN106	SQK-PCS109	GridION		guppy-1.4.3-GIS	20190107		https://sg-nex-data.s3.ap-southeast-1.amazonaws.com/data/sequencing_data/fast5/SGNex_K562_cDNAStranded_replicate3_run3/SGNex_K562_cDNAStranded_replicate3_run3.tar.gz	https://sg-nex-data.s3.ap-southeast-1.amazonaws.com/data/sequencing_data/fastq/SGNex_K562_cDNAStranded_replicate3_run3/SGNex_K562_cDNAStranded_replicate3_run3.fastq.gz	https://sg-nex-data.s3.ap-southeast-1.amazonaws.com/data/sequencing_data/bam/genome/SGNex_K562_cDNAStranded_replicate3_run3/SGNex_K562_cDNAStranded_replicate3_run3.bam	https://sg-nex-data.s3.ap-southeast-1.amazonaws.com/data/sequencing_data/bam/transcriptome/SGNex_K562_cDNAStranded_replicate3_run3/SGNex_K562_cDNAStranded_replicate3_run3.bam	https://sg-nex-data.s3.ap-southeast-1.amazonaws.com/data/sequencing_data/genome_browser_data/bigbed/SGNex_K562_cDNAStranded_replicate3_run3.bigbed	https://sg-nex-data.s3.ap-southeast-1.amazonaws.com/data/sequencing_data/genome_browser_data/bigwig/SGNex_K562_cDNAStranded_replicate3_run3.bigwig
SGNex_K562_directcDNA_replicate1_run2	K562	direct-cDNA	FLO-MIN106	SQK-DCS108	MinION		albacore-2.3.1	20180711		https://sg-nex-data.s3.ap-southeast-1.amazonaws.com/data/sequencing_data/fast5/SGNex_K562_directcDNA_replicate1_run2/SGNex_K562_directcDNA_replicate1_run2.tar.gz	https://sg-nex-data.s3.ap-southeast-1.amazonaws.com/data/sequencing_data/fastq/SGNex_K562_directcDNA_replicate1_run2/SGNex_K562_directcDNA_replicate1_run2.fastq.gz	https://sg-nex-data.s3.ap-southeast-1.amazonaws.com/data/sequencing_data/bam/genome/SGNex_K562_directcDNA_replicate1_run2/SGNex_K562_directcDNA_replicate1_run2.bam	https://sg-nex-data.s3.ap-southeast-1.amazonaws.com/data/sequencing_data/bam/transcriptome/SGNex_K562_directcDNA_replicate1_run2/SGNex_K562_directcDNA_replicate1_run2.bam	https://sg-nex-data.s3.ap-southeast-1.amazonaws.com/data/sequencing_data/genome_browser_data/bigbed/SGNex_K562_directcDNA_replicate1_run2.bigbed	https://sg-nex-data.s3.ap-southeast-1.amazonaws.com/data/sequencing_data/genome_browser_data/bigwig/SGNex_K562_directcDNA_replicate1_run2.bigwig
SGNex_K562_directcDNA_replicate2_run1	K562	direct-cDNA	FLO-MIN106	SQK-DCS108	GridION		guppy-1.4.3-GIS	20181017		https://sg-nex-data.s3.ap-southeast-1.amazonaws.com/data/sequencing_data/fast5/SGNex_K562_directcDNA_replicate2_run1/SGNex_K562_directcDNA_replicate2_run1.tar.gz	https://sg-nex-data.s3.ap-southeast-1.amazonaws.com/data/sequencing_data/fastq/SGNex_K562_directcDNA_replicate2_run1/SGNex_K562_directcDNA_replicate2_run1.fastq.gz	https://sg-nex-data.s3.ap-southeast-1.amazonaws.com/data/sequencing_data/bam/genome/SGNex_K562_directcDNA_replicate2_run1/SGNex_K562_directcDNA_replicate2_run1.bam	https://sg-nex-data.s3.ap-southeast-1.amazonaws.com/data/sequencing_data/bam/transcriptome/SGNex_K562_directcDNA_replicate2_run1/SGNex_K562_directcDNA_replicate2_run1.bam	https://sg-nex-data.s3.ap-southeast-1.amazonaws.com/data/sequencing_data/genome_browser_data/bigbed/SGNex_K562_directcDNA_replicate2_run1.bigbed	https://sg-nex-data.s3.ap-southeast-1.amazonaws.com/data/sequencing_data/genome_browser_data/bigwig/SGNex_K562_directcDNA_replicate2_run1.bigwig
SGNex_K562_directcDNA_replicate2_run2	K562	direct-cDNA	FLO-MIN106	SQK-DCS108	GridION		guppy-1.4.3-GIS	20181018		https://sg-nex-data.s3.ap-southeast-1.amazonaws.com/data/sequencing_data/fast5/SGNex_K562_directcDNA_replicate2_run2/SGNex_K562_directcDNA_replicate2_run2.tar.gz	https://sg-nex-data.s3.ap-southeast-1.amazonaws.com/data/sequencing_data/fastq/SGNex_K562_directcDNA_replicate2_run2/SGNex_K562_directcDNA_replicate2_run2.fastq.gz	https://sg-nex-data.s3.ap-southeast-1.amazonaws.com/data/sequencing_data/bam/genome/SGNex_K562_directcDNA_replicate2_run2/SGNex_K562_directcDNA_replicate2_run2.bam	https://sg-nex-data.s3.ap-southeast-1.amazonaws.com/data/sequencing_data/bam/transcriptome/SGNex_K562_directcDNA_replicate2_run2/SGNex_K562_directcDNA_replicate2_run2.bam	https://sg-nex-data.s3.ap-southeast-1.amazonaws.com/data/sequencing_data/genome_browser_data/bigbed/SGNex_K562_directcDNA_replicate2_run2.bigbed	https://sg-nex-data.s3.ap-southeast-1.amazonaws.com/data/sequencing_data/genome_browser_data/bigwig/SGNex_K562_directcDNA_replicate2_run2.bigwig
SGNex_K562_directcDNA_replicate3_run1	K562	direct-cDNA	FLO-MIN106D	SQK-DCS109	MinION	SGNex_directcDNA_MUX_Sample1	guppy-1.4.3-GIS	20181123		https://sg-nex-data.s3.ap-southeast-1.amazonaws.com/data/sequencing_data/fast5/SGNex_directcDNA_MUX_Sample1/SGNex_directcDNA_MUX_Sample1.tar.gz	https://sg-nex-data.s3.ap-southeast-1.amazonaws.com/data/sequencing_data/fastq/SGNex_K562_directcDNA_replicate3_run1/SGNex_K562_directcDNA_replicate3_run1.fastq.gz	https://sg-nex-data.s3.ap-southeast-1.amazonaws.com/data/sequencing_data/bam/genome/SGNex_K562_directcDNA_replicate3_run1/SGNex_K562_directcDNA_replicate3_run1.bam	https://sg-nex-data.s3.ap-southeast-1.amazonaws.com/data/sequencing_data/bam/transcriptome/SGNex_K562_directcDNA_replicate3_run1/SGNex_K562_directcDNA_replicate3_run1.bam	https://sg-nex-data.s3.ap-southeast-1.amazonaws.com/data/sequencing_data/genome_browser_data/bigbed/SGNex_K562_directcDNA_replicate3_run1.bigbed	https://sg-nex-data.s3.ap-southeast-1.amazonaws.com/data/sequencing_data/genome_browser_data/bigwig/SGNex_K562_directcDNA_replicate3_run1.bigwig
SGNex_K562_directcDNA_replicate4_run2	K562	direct-cDNA	FLO-MIN106D	SQK-DCS109	GridION	SGNex_directcDNA_MUX_Sample2	guppy-1.4.3-GIS	20190320		https://sg-nex-data.s3.ap-southeast-1.amazonaws.com/data/sequencing_data/fast5/SGNex_directcDNA_MUX_Sample2/SGNex_directcDNA_MUX_Sample2.tar.gz	https://sg-nex-data.s3.ap-southeast-1.amazonaws.com/data/sequencing_data/fastq/SGNex_K562_directcDNA_replicate4_run2/SGNex_K562_directcDNA_replicate4_run2.fastq.gz	https://sg-nex-data.s3.ap-southeast-1.amazonaws.com/data/sequencing_data/bam/genome/SGNex_K562_directcDNA_replicate4_run2/SGNex_K562_directcDNA_replicate4_run2.bam	https://sg-nex-data.s3.ap-southeast-1.amazonaws.com/data/sequencing_data/bam/transcriptome/SGNex_K562_directcDNA_replicate4_run2/SGNex_K562_directcDNA_replicate4_run2.bam	https://sg-nex-data.s3.ap-southeast-1.amazonaws.com/data/sequencing_data/genome_browser_data/bigbed/SGNex_K562_directcDNA_replicate4_run2.bigbed	https://sg-nex-data.s3.ap-southeast-1.amazonaws.com/data/sequencing_data/genome_browser_data/bigwig/SGNex_K562_directcDNA_replicate4_run2.bigwig
SGNex_K562_directRNA_replicate1_run1	K562	directRNA	FLO-MIN106	SQK-RNA001	GridION		guppy-1.4.3-GIS	20180703		https://sg-nex-data.s3.ap-southeast-1.amazonaws.com/data/sequencing_data/fast5/SGNex_K562_directRNA_replicate1_run1/SGNex_K562_directRNA_replicate1_run1.tar.gz	https://sg-nex-data.s3.ap-southeast-1.amazonaws.com/data/sequencing_data/fastq/SGNex_K562_directRNA_replicate1_run1/SGNex_K562_directRNA_replicate1_run1.fastq.gz	https://sg-nex-data.s3.ap-southeast-1.amazonaws.com/data/sequencing_data/bam/genome/SGNex_K562_directRNA_replicate1_run1/SGNex_K562_directRNA_replicate1_run1.bam	https://sg-nex-data.s3.ap-southeast-1.amazonaws.com/data/sequencing_data/bam/transcriptome/SGNex_K562_directRNA_replicate1_run1/SGNex_K562_directRNA_replicate1_run1.bam	https://sg-nex-data.s3.ap-southeast-1.amazonaws.com/data/sequencing_data/genome_browser_data/bigbed/SGNex_K562_directRNA_replicate1_run1.bigbed	https://sg-nex-data.s3.ap-southeast-1.amazonaws.com/data/sequencing_data/genome_browser_data/bigwig/SGNex_K562_directRNA_replicate1_run1.bigwig
SGNex_K562_directRNA_replicate4_run1	K562	directRNA	FLO-MIN106D	SQK-RNA002	GridION		guppy-1.4.3-GIS	20190318	Yes	https://sg-nex-data.s3.ap-southeast-1.amazonaws.com/data/sequencing_data/fast5/SGNex_K562_directRNA_replicate4_run1/SGNex_K562_directRNA_replicate4_run1.tar.gz	https://sg-nex-data.s3.ap-southeast-1.amazonaws.com/data/sequencing_data/fastq/SGNex_K562_directRNA_replicate4_run1/SGNex_K562_directRNA_replicate4_run1.fastq.gz	https://sg-nex-data.s3.ap-southeast-1.amazonaws.com/data/sequencing_data/bam/genome/SGNex_K562_directRNA_replicate4_run1/SGNex_K562_directRNA_replicate4_run1.bam	https://sg-nex-data.s3.ap-southeast-1.amazonaws.com/data/sequencing_data/bam/transcriptome/SGNex_K562_directRNA_replicate4_run1/SGNex_K562_directRNA_replicate4_run1.bam	https://sg-nex-data.s3.ap-southeast-1.amazonaws.com/data/sequencing_data/genome_browser_data/bigbed/SGNex_K562_directRNA_replicate4_run1.bigbed	https://sg-nex-data.s3.ap-southeast-1.amazonaws.com/data/sequencing_data/genome_browser_data/bigwig/SGNex_K562_directRNA_replicate4_run1.bigwig
SGNex_K562_directRNA_replicate5_run1	K562	directRNA	FLO-MIN106D	SQK-RNA002	GridION		guppy-1.4.3-GIS	20190318	Yes	https://sg-nex-data.s3.ap-southeast-1.amazonaws.com/data/sequencing_data/fast5/SGNex_K562_directRNA_replicate5_run1/SGNex_K562_directRNA_replicate5_run1.tar.gz	https://sg-nex-data.s3.ap-southeast-1.amazonaws.com/data/sequencing_data/fastq/SGNex_K562_directRNA_replicate5_run1/SGNex_K562_directRNA_replicate5_run1.fastq.gz	https://sg-nex-data.s3.ap-southeast-1.amazonaws.com/data/sequencing_data/bam/genome/SGNex_K562_directRNA_replicate5_run1/SGNex_K562_directRNA_replicate5_run1.bam	https://sg-nex-data.s3.ap-southeast-1.amazonaws.com/data/sequencing_data/bam/transcriptome/SGNex_K562_directRNA_replicate5_run1/SGNex_K562_directRNA_replicate5_run1.bam	https://sg-nex-data.s3.ap-southeast-1.amazonaws.com/data/sequencing_data/genome_browser_data/bigbed/SGNex_K562_directRNA_replicate5_run1.bigbed	https://sg-nex-data.s3.ap-southeast-1.amazonaws.com/data/sequencing_data/genome_browser_data/bigwig/SGNex_K562_directRNA_replicate5_run1.bigwig
SGNex_K562_directRNA_replicate6_run1	K562	directRNA	FLO-MIN106D	SQK-RNA002	GridION		guppy-3.2.10-GIS	20200302	Yes	https://sg-nex-data.s3.ap-southeast-1.amazonaws.com/data/sequencing_data/fast5/SGNex_K562_directRNA_replicate6_run1/SGNex_K562_directRNA_replicate6_run1.tar.gz	https://sg-nex-data.s3.ap-southeast-1.amazonaws.com/data/sequencing_data/fastq/SGNex_K562_directRNA_replicate6_run1/SGNex_K562_directRNA_replicate6_run1.fastq.gz	https://sg-nex-data.s3.ap-southeast-1.amazonaws.com/data/sequencing_data/bam/genome/SGNex_K562_directRNA_replicate6_run1/SGNex_K562_directRNA_replicate6_run1.bam	https://sg-nex-data.s3.ap-southeast-1.amazonaws.com/data/sequencing_data/bam/transcriptome/SGNex_K562_directRNA_replicate6_run1/SGNex_K562_directRNA_replicate6_run1.bam	https://sg-nex-data.s3.ap-southeast-1.amazonaws.com/data/sequencing_data/genome_browser_data/bigbed/SGNex_K562_directRNA_replicate6_run1.bigbed	https://sg-nex-data.s3.ap-southeast-1.amazonaws.com/data/sequencing_data/genome_browser_data/bigwig/SGNex_K562_directRNA_replicate6_run1.bigwig
SGNex_MCF7_cDNA_replicate1_run3	MCF7	cDNA	FLO-MIN106	SQK-PCS108	MinION		guppy-1.4.3-GIS	20180731		https://sg-nex-data.s3.ap-southeast-1.amazonaws.com/data/sequencing_data/fast5/SGNex_MCF7_cDNA_replicate1_run3/SGNex_MCF7_cDNA_replicate1_run3.tar.gz	https://sg-nex-data.s3.ap-southeast-1.amazonaws.com/data/sequencing_data/fastq/SGNex_MCF7_cDNA_replicate1_run3/SGNex_MCF7_cDNA_replicate1_run3.fastq.gz	https://sg-nex-data.s3.ap-southeast-1.amazonaws.com/data/sequencing_data/bam/genome/SGNex_MCF7_cDNA_replicate1_run3/SGNex_MCF7_cDNA_replicate1_run3.bam	https://sg-nex-data.s3.ap-southeast-1.amazonaws.com/data/sequencing_data/bam/transcriptome/SGNex_MCF7_cDNA_replicate1_run3/SGNex_MCF7_cDNA_replicate1_run3.bam	https://sg-nex-data.s3.ap-southeast-1.amazonaws.com/data/sequencing_data/genome_browser_data/bigbed/SGNex_MCF7_cDNA_replicate1_run3.bigbed	https://sg-nex-data.s3.ap-southeast-1.amazonaws.com/data/sequencing_data/genome_browser_data/bigwig/SGNex_MCF7_cDNA_replicate1_run3.bigwig
SGNex_MCF7_cDNAStranded_replicate2_run1	MCF7	cDNAStranded	FLO-MIN106D	SQK-PCS109	GridION		guppy-1.4.3-GIS	20190201		https://sg-nex-data.s3.ap-southeast-1.amazonaws.com/data/sequencing_data/fast5/SGNex_MCF7_cDNAStranded_replicate2_run1/SGNex_MCF7_cDNAStranded_replicate2_run1.tar.gz	https://sg-nex-data.s3.ap-southeast-1.amazonaws.com/data/sequencing_data/fastq/SGNex_MCF7_cDNAStranded_replicate2_run1/SGNex_MCF7_cDNAStranded_replicate2_run1.fastq.gz	https://sg-nex-data.s3.ap-southeast-1.amazonaws.com/data/sequencing_data/bam/genome/SGNex_MCF7_cDNAStranded_replicate2_run1/SGNex_MCF7_cDNAStranded_replicate2_run1.bam	https://sg-nex-data.s3.ap-southeast-1.amazonaws.com/data/sequencing_data/bam/transcriptome/SGNex_MCF7_cDNAStranded_replicate2_run1/SGNex_MCF7_cDNAStranded_replicate2_run1.bam	https://sg-nex-data.s3.ap-southeast-1.amazonaws.com/data/sequencing_data/genome_browser_data/bigbed/SGNex_MCF7_cDNAStranded_replicate2_run1.bigbed	https://sg-nex-data.s3.ap-southeast-1.amazonaws.com/data/sequencing_data/genome_browser_data/bigwig/SGNex_MCF7_cDNAStranded_replicate2_run1.bigwig
SGNex_MCF7_cDNAStranded_replicate3_run2	MCF7	cDNAStranded	FLO-MIN106D	SQK-PCS109	GridION		guppy-1.4.3-GIS	20190315		https://sg-nex-data.s3.ap-southeast-1.amazonaws.com/data/sequencing_data/fast5/SGNex_MCF7_cDNAStranded_replicate3_run2/SGNex_MCF7_cDNAStranded_replicate3_run2.tar.gz	https://sg-nex-data.s3.ap-southeast-1.amazonaws.com/data/sequencing_data/fastq/SGNex_MCF7_cDNAStranded_replicate3_run2/SGNex_MCF7_cDNAStranded_replicate3_run2.fastq.gz	https://sg-nex-data.s3.ap-southeast-1.amazonaws.com/data/sequencing_data/bam/genome/SGNex_MCF7_cDNAStranded_replicate3_run2/SGNex_MCF7_cDNAStranded_replicate3_run2.bam	https://sg-nex-data.s3.ap-southeast-1.amazonaws.com/data/sequencing_data/bam/transcriptome/SGNex_MCF7_cDNAStranded_replicate3_run2/SGNex_MCF7_cDNAStranded_replicate3_run2.bam	https://sg-nex-data.s3.ap-southeast-1.amazonaws.com/data/sequencing_data/genome_browser_data/bigbed/SGNex_MCF7_cDNAStranded_replicate3_run2.bigbed	https://sg-nex-data.s3.ap-southeast-1.amazonaws.com/data/sequencing_data/genome_browser_data/bigwig/SGNex_MCF7_cDNAStranded_replicate3_run2.bigwig
SGNex_MCF7_directcDNA_replicate1_run2	MCF7	direct-cDNA	FLO-MIN106	SQK-DCS108	MinION		albacore-GIS	20180731		https://sg-nex-data.s3.ap-southeast-1.amazonaws.com/data/sequencing_data/fast5/SGNex_MCF7_directcDNA_replicate1_run2/SGNex_MCF7_directcDNA_replicate1_run2.tar.gz	https://sg-nex-data.s3.ap-southeast-1.amazonaws.com/data/sequencing_data/fastq/SGNex_MCF7_directcDNA_replicate1_run2/SGNex_MCF7_directcDNA_replicate1_run2.fastq.gz	https://sg-nex-data.s3.ap-southeast-1.amazonaws.com/data/sequencing_data/bam/genome/SGNex_MCF7_directcDNA_replicate1_run2/SGNex_MCF7_directcDNA_replicate1_run2.bam	https://sg-nex-data.s3.ap-southeast-1.amazonaws.com/data/sequencing_data/bam/transcriptome/SGNex_MCF7_directcDNA_replicate1_run2/SGNex_MCF7_directcDNA_replicate1_run2.bam	https://sg-nex-data.s3.ap-southeast-1.amazonaws.com/data/sequencing_data/genome_browser_data/bigbed/SGNex_MCF7_directcDNA_replicate1_run2.bigbed	https://sg-nex-data.s3.ap-southeast-1.amazonaws.com/data/sequencing_data/genome_browser_data/bigwig/SGNex_MCF7_directcDNA_replicate1_run2.bigwig
SGNex_MCF7_directcDNA_replicate3_run3	MCF7	direct-cDNA	FLO-MIN106D	SQK-DCS109	GridION	SGNex_directcDNA_MUX_Sample2	guppy-1.4.3-GIS	20190320		https://sg-nex-data.s3.ap-southeast-1.amazonaws.com/data/sequencing_data/fast5/SGNex_directcDNA_MUX_Sample2_copy/SGNex_directcDNA_MUX_Sample2_copy.tar.gz	https://sg-nex-data.s3.ap-southeast-1.amazonaws.com/data/sequencing_data/fastq/SGNex_MCF7_directcDNA_replicate3_run3/SGNex_MCF7_directcDNA_replicate3_run3.fastq.gz	https://sg-nex-data.s3.ap-southeast-1.amazonaws.com/data/sequencing_data/bam/genome/SGNex_MCF7_directcDNA_replicate3_run3/SGNex_MCF7_directcDNA_replicate3_run3.bam	https://sg-nex-data.s3.ap-southeast-1.amazonaws.com/data/sequencing_data/bam/transcriptome/SGNex_MCF7_directcDNA_replicate3_run3/SGNex_MCF7_directcDNA_replicate3_run3.bam	https://sg-nex-data.s3.ap-southeast-1.amazonaws.com/data/sequencing_data/genome_browser_data/bigbed/SGNex_MCF7_directcDNA_replicate3_run3.bigbed	https://sg-nex-data.s3.ap-southeast-1.amazonaws.com/data/sequencing_data/genome_browser_data/bigwig/SGNex_MCF7_directcDNA_replicate3_run3.bigwig
SGNex_MCF7_directcDNA_replicate4_run2	MCF7	direct-cDNA	FLO-MIN106D	SQK-DCS109	GridION		guppy-1.4.3-GIS	20190325		https://sg-nex-data.s3.ap-southeast-1.amazonaws.com/data/sequencing_data/fast5/SGNex_MCF7_directcDNA_replicate4_run2/SGNex_MCF7_directcDNA_replicate4_run2.tar.gz	https://sg-nex-data.s3.ap-southeast-1.amazonaws.com/data/sequencing_data/fastq/SGNex_MCF7_directcDNA_replicate4_run2/SGNex_MCF7_directcDNA_replicate4_run2.fastq.gz	https://sg-nex-data.s3.ap-southeast-1.amazonaws.com/data/sequencing_data/bam/genome/SGNex_MCF7_directcDNA_replicate4_run2/SGNex_MCF7_directcDNA_replicate4_run2.bam	https://sg-nex-data.s3.ap-southeast-1.amazonaws.com/data/sequencing_data/bam/transcriptome/SGNex_MCF7_directcDNA_replicate4_run2/SGNex_MCF7_directcDNA_replicate4_run2.bam	https://sg-nex-data.s3.ap-southeast-1.amazonaws.com/data/sequencing_data/genome_browser_data/bigbed/SGNex_MCF7_directcDNA_replicate4_run2.bigbed	https://sg-nex-data.s3.ap-southeast-1.amazonaws.com/data/sequencing_data/genome_browser_data/bigwig/SGNex_MCF7_directcDNA_replicate4_run2.bigwig
SGNex_MCF7_directRNA_replicate1_run1	MCF7	directRNA	FLO-MIN106	SQK-RNA001	MinION		albacore-GIS	20180807		https://sg-nex-data.s3.ap-southeast-1.amazonaws.com/data/sequencing_data/fast5/SGNex_MCF7_directRNA_replicate1_run1/SGNex_MCF7_directRNA_replicate1_run1.tar.gz	https://sg-nex-data.s3.ap-southeast-1.amazonaws.com/data/sequencing_data/fastq/SGNex_MCF7_directRNA_replicate1_run1/SGNex_MCF7_directRNA_replicate1_run1.fastq.gz	https://sg-nex-data.s3.ap-southeast-1.amazonaws.com/data/sequencing_data/bam/genome/SGNex_MCF7_directRNA_replicate1_run1/SGNex_MCF7_directRNA_replicate1_run1.bam	https://sg-nex-data.s3.ap-southeast-1.amazonaws.com/data/sequencing_data/bam/transcriptome/SGNex_MCF7_directRNA_replicate1_run1/SGNex_MCF7_directRNA_replicate1_run1.bam	https://sg-nex-data.s3.ap-southeast-1.amazonaws.com/data/sequencing_data/genome_browser_data/bigbed/SGNex_MCF7_directRNA_replicate1_run1.bigbed	https://sg-nex-data.s3.ap-southeast-1.amazonaws.com/data/sequencing_data/genome_browser_data/bigwig/SGNex_MCF7_directRNA_replicate1_run1.bigwig
SGNex_MCF7_directRNA_replicate2_run2	MCF7	directRNA	FLO-PRO002	SQK-RNA001	PromethION		albacore-GIS	20181016		https://sg-nex-data.s3.ap-southeast-1.amazonaws.com/data/sequencing_data/fast5/SGNex_MCF7_directRNA_replicate2_run2/SGNex_MCF7_directRNA_replicate2_run2.tar.gz	https://sg-nex-data.s3.ap-southeast-1.amazonaws.com/data/sequencing_data/fastq/SGNex_MCF7_directRNA_replicate2_run2/SGNex_MCF7_directRNA_replicate2_run2.fastq.gz	https://sg-nex-data.s3.ap-southeast-1.amazonaws.com/data/sequencing_data/bam/genome/SGNex_MCF7_directRNA_replicate2_run2/SGNex_MCF7_directRNA_replicate2_run2.bam	https://sg-nex-data.s3.ap-southeast-1.amazonaws.com/data/sequencing_data/bam/transcriptome/SGNex_MCF7_directRNA_replicate2_run2/SGNex_MCF7_directRNA_replicate2_run2.bam	https://sg-nex-data.s3.ap-southeast-1.amazonaws.com/data/sequencing_data/genome_browser_data/bigbed/SGNex_MCF7_directRNA_replicate2_run2.bigbed	https://sg-nex-data.s3.ap-southeast-1.amazonaws.com/data/sequencing_data/genome_browser_data/bigwig/SGNex_MCF7_directRNA_replicate2_run2.bigwig
SGNex_MCF7_directRNA_replicate2_run3	MCF7	directRNA	FLO-PRO002	SQK-RNA002	PromethION		guppy-1.4.3-GIS	20181128		https://sg-nex-data.s3.ap-southeast-1.amazonaws.com/data/sequencing_data/fast5/SGNex_MCF7_directRNA_replicate2_run3/SGNex_MCF7_directRNA_replicate2_run3.tar.gz	https://sg-nex-data.s3.ap-southeast-1.amazonaws.com/data/sequencing_data/fastq/SGNex_MCF7_directRNA_replicate2_run3/SGNex_MCF7_directRNA_replicate2_run3.fastq.gz	https://sg-nex-data.s3.ap-southeast-1.amazonaws.com/data/sequencing_data/bam/genome/SGNex_MCF7_directRNA_replicate2_run3/SGNex_MCF7_directRNA_replicate2_run3.bam	https://sg-nex-data.s3.ap-southeast-1.amazonaws.com/data/sequencing_data/bam/transcriptome/SGNex_MCF7_directRNA_replicate2_run3/SGNex_MCF7_directRNA_replicate2_run3.bam	https://sg-nex-data.s3.ap-southeast-1.amazonaws.com/data/sequencing_data/genome_browser_data/bigbed/SGNex_MCF7_directRNA_replicate2_run3.bigbed	https://sg-nex-data.s3.ap-southeast-1.amazonaws.com/data/sequencing_data/genome_browser_data/bigwig/SGNex_MCF7_directRNA_replicate2_run3.bigwig
SGNex_MCF7_directRNA_replicate3_run1	MCF7	directRNA	FLO-MIN106D	SQK-RNA002	MinION		guppy-2.1.3-albacore	20190220	Yes	https://sg-nex-data.s3.ap-southeast-1.amazonaws.com/data/sequencing_data/fast5/SGNex_MCF7_directRNA_replicate3_run1/SGNex_MCF7_directRNA_replicate3_run1.tar.gz	https://sg-nex-data.s3.ap-southeast-1.amazonaws.com/data/sequencing_data/fastq/SGNex_MCF7_directRNA_replicate3_run1/SGNex_MCF7_directRNA_replicate3_run1.fastq.gz	https://sg-nex-data.s3.ap-southeast-1.amazonaws.com/data/sequencing_data/bam/genome/SGNex_MCF7_directRNA_replicate3_run1/SGNex_MCF7_directRNA_replicate3_run1.bam	https://sg-nex-data.s3.ap-southeast-1.amazonaws.com/data/sequencing_data/bam/transcriptome/SGNex_MCF7_directRNA_replicate3_run1/SGNex_MCF7_directRNA_replicate3_run1.bam	https://sg-nex-data.s3.ap-southeast-1.amazonaws.com/data/sequencing_data/genome_browser_data/bigbed/SGNex_MCF7_directRNA_replicate3_run1.bigbed	https://sg-nex-data.s3.ap-southeast-1.amazonaws.com/data/sequencing_data/genome_browser_data/bigwig/SGNex_MCF7_directRNA_replicate3_run1.bigwig
SGNex_MCF7_directRNA_replicate4_run1	MCF7	directRNA	FLO-MIN106D	SQK-RNA002	GridION		guppy-1.4.3-GIS	20190322	Yes	https://sg-nex-data.s3.ap-southeast-1.amazonaws.com/data/sequencing_data/fast5/SGNex_MCF7_directRNA_replicate4_run1/SGNex_MCF7_directRNA_replicate4_run1.tar.gz	https://sg-nex-data.s3.ap-southeast-1.amazonaws.com/data/sequencing_data/fastq/SGNex_MCF7_directRNA_replicate4_run1/SGNex_MCF7_directRNA_replicate4_run1.fastq.gz	https://sg-nex-data.s3.ap-southeast-1.amazonaws.com/data/sequencing_data/bam/genome/SGNex_MCF7_directRNA_replicate4_run1/SGNex_MCF7_directRNA_replicate4_run1.bam	https://sg-nex-data.s3.ap-southeast-1.amazonaws.com/data/sequencing_data/bam/transcriptome/SGNex_MCF7_directRNA_replicate4_run1/SGNex_MCF7_directRNA_replicate4_run1.bam	https://sg-nex-data.s3.ap-southeast-1.amazonaws.com/data/sequencing_data/genome_browser_data/bigbed/SGNex_MCF7_directRNA_replicate4_run1.bigbed	https://sg-nex-data.s3.ap-southeast-1.amazonaws.com/data/sequencing_data/genome_browser_data/bigwig/SGNex_MCF7_directRNA_replicate4_run1.bigwig
SGNex_MCF7-EV_directRNA_replicate1_run1	MCF7-EV	directRNA	FLO-MIN106	SQK-RNA002	MinION		guppy-2.1.3-albacore	20190415		https://sg-nex-data.s3.ap-southeast-1.amazonaws.com/data/sequencing_data/fast5/SGNex_MCF7-EV_directRNA_replicate1_run1/SGNex_MCF7-EV_directRNA_replicate1_run1.tar.gz	https://sg-nex-data.s3.ap-southeast-1.amazonaws.com/data/sequencing_data/fastq/SGNex_MCF7-EV_directRNA_replicate1_run1/SGNex_MCF7-EV_directRNA_replicate1_run1.fastq.gz	https://sg-nex-data.s3.ap-southeast-1.amazonaws.com/data/sequencing_data/bam/genome/SGNex_MCF7-EV_directRNA_replicate1_run1/SGNex_MCF7-EV_directRNA_replicate1_run1.bam	https://sg-nex-data.s3.ap-southeast-1.amazonaws.com/data/sequencing_data/bam/transcriptome/SGNex_MCF7-EV_directRNA_replicate1_run1/SGNex_MCF7-EV_directRNA_replicate1_run1.bam	https://sg-nex-data.s3.ap-southeast-1.amazonaws.com/data/sequencing_data/genome_browser_data/bigbed/SGNex_MCF7-EV_directRNA_replicate1_run1.bigbed	https://sg-nex-data.s3.ap-southeast-1.amazonaws.com/data/sequencing_data/genome_browser_data/bigwig/SGNex_MCF7-EV_directRNA_replicate1_run1.bigwig
SGNex_MCF7-EV_directRNA_replicate2_run1	MCF7-EV	directRNA	FLO-MIN106	SQK-RNA001	MinION		guppy-2.1.3-albacore	20190409		https://sg-nex-data.s3.ap-southeast-1.amazonaws.com/data/sequencing_data/fast5/SGNex_MCF7-EV_directRNA_replicate2_run1/SGNex_MCF7-EV_directRNA_replicate2_run1.tar.gz	https://sg-nex-data.s3.ap-southeast-1.amazonaws.com/data/sequencing_data/fastq/SGNex_MCF7-EV_directRNA_replicate2_run1/SGNex_MCF7-EV_directRNA_replicate2_run1.fastq.gz	https://sg-nex-data.s3.ap-southeast-1.amazonaws.com/data/sequencing_data/bam/genome/SGNex_MCF7-EV_directRNA_replicate2_run1/SGNex_MCF7-EV_directRNA_replicate2_run1.bam	https://sg-nex-data.s3.ap-southeast-1.amazonaws.com/data/sequencing_data/bam/transcriptome/SGNex_MCF7-EV_directRNA_replicate2_run1/SGNex_MCF7-EV_directRNA_replicate2_run1.bam	https://sg-nex-data.s3.ap-southeast-1.amazonaws.com/data/sequencing_data/genome_browser_data/bigbed/SGNex_MCF7-EV_directRNA_replicate2_run1.bigbed	https://sg-nex-data.s3.ap-southeast-1.amazonaws.com/data/sequencing_data/genome_browser_data/bigwig/SGNex_MCF7-EV_directRNA_replicate2_run1.bigwig
SGNex_Myeloma-N082_directRNA_replicate1_run1	Myeloma-N082	directRNA	FLO-MIN106D	SQK-RNA001	MinION		guppy-2.1.3-albacore	20190129		https://sg-nex-data.s3.ap-southeast-1.amazonaws.com/data/sequencing_data/fast5/SGNex_Myeloma-N082_directRNA_replicate1_run1/SGNex_Myeloma-N082_directRNA_replicate1_run1.tar.gz	https://sg-nex-data.s3.ap-southeast-1.amazonaws.com/data/sequencing_data/fastq/SGNex_Myeloma-N082_directRNA_replicate1_run1/SGNex_Myeloma-N082_directRNA_replicate1_run1.fastq.gz	https://sg-nex-data.s3.ap-southeast-1.amazonaws.com/data/sequencing_data/bam/genome/SGNex_Myeloma-N082_directRNA_replicate1_run1/SGNex_Myeloma-N082_directRNA_replicate1_run1.bam	https://sg-nex-data.s3.ap-southeast-1.amazonaws.com/data/sequencing_data/bam/transcriptome/SGNex_Myeloma-N082_directRNA_replicate1_run1/SGNex_Myeloma-N082_directRNA_replicate1_run1.bam	https://sg-nex-data.s3.ap-southeast-1.amazonaws.com/data/sequencing_data/genome_browser_data/bigbed/SGNex_Myeloma-N082_directRNA_replicate1_run1.bigbed	https://sg-nex-data.s3.ap-southeast-1.amazonaws.com/data/sequencing_data/genome_browser_data/bigwig/SGNex_Myeloma-N082_directRNA_replicate1_run1.bigwig
SGNex_Myeloma-N104_directRNA_replicate1_run1	Myeloma-N104	directRNA	FLO-MIN106D	SQK-RNA001	MinION		guppy-2.1.3-albacore	20190129		https://sg-nex-data.s3.ap-southeast-1.amazonaws.com/data/sequencing_data/fast5/SGNex_Myeloma-N104_directRNA_replicate1_run1/SGNex_Myeloma-N104_directRNA_replicate1_run1.tar.gz	https://sg-nex-data.s3.ap-southeast-1.amazonaws.com/data/sequencing_data/fastq/SGNex_Myeloma-N104_directRNA_replicate1_run1/SGNex_Myeloma-N104_directRNA_replicate1_run1.fastq.gz	https://sg-nex-data.s3.ap-southeast-1.amazonaws.com/data/sequencing_data/bam/genome/SGNex_Myeloma-N104_directRNA_replicate1_run1/SGNex_Myeloma-N104_directRNA_replicate1_run1.bam	https://sg-nex-data.s3.ap-southeast-1.amazonaws.com/data/sequencing_data/bam/transcriptome/SGNex_Myeloma-N104_directRNA_replicate1_run1/SGNex_Myeloma-N104_directRNA_replicate1_run1.bam	https://sg-nex-data.s3.ap-southeast-1.amazonaws.com/data/sequencing_data/genome_browser_data/bigbed/SGNex_Myeloma-N104_directRNA_replicate1_run1.bigbed	https://sg-nex-data.s3.ap-southeast-1.amazonaws.com/data/sequencing_data/genome_browser_data/bigwig/SGNex_Myeloma-N104_directRNA_replicate1_run1.bigwig
SGNex_Myeloma-N122_directRNA_replicate1_run1	Myeloma-N122	directRNA	FLO-MIN106D	SQK-RNA001	MinION		guppy-2.1.3-albacore	20190129		https://sg-nex-data.s3.ap-southeast-1.amazonaws.com/data/sequencing_data/fast5/SGNex_Myeloma-N122_directRNA_replicate1_run1/SGNex_Myeloma-N122_directRNA_replicate1_run1.tar.gz	https://sg-nex-data.s3.ap-southeast-1.amazonaws.com/data/sequencing_data/fastq/SGNex_Myeloma-N122_directRNA_replicate1_run1/SGNex_Myeloma-N122_directRNA_replicate1_run1.fastq.gz	https://sg-nex-data.s3.ap-southeast-1.amazonaws.com/data/sequencing_data/bam/genome/SGNex_Myeloma-N122_directRNA_replicate1_run1/SGNex_Myeloma-N122_directRNA_replicate1_run1.bam	https://sg-nex-data.s3.ap-southeast-1.amazonaws.com/data/sequencing_data/bam/transcriptome/SGNex_Myeloma-N122_directRNA_replicate1_run1/SGNex_Myeloma-N122_directRNA_replicate1_run1.bam	https://sg-nex-data.s3.ap-southeast-1.amazonaws.com/data/sequencing_data/genome_browser_data/bigbed/SGNex_Myeloma-N122_directRNA_replicate1_run1.bigbed	https://sg-nex-data.s3.ap-southeast-1.amazonaws.com/data/sequencing_data/genome_browser_data/bigwig/SGNex_Myeloma-N122_directRNA_replicate1_run1.bigwig
SGNex_NCC24_directRNA_replicate1_run1	NCC24	directRNA	FLO-MIN106D	SQK-RNA001	MinION		guppy-2.1.3-albacore	20190114		https://sg-nex-data.s3.ap-southeast-1.amazonaws.com/data/sequencing_data/fast5/SGNex_NCC24_directRNA_replicate1_run1/SGNex_NCC24_directRNA_replicate1_run1.tar.gz	https://sg-nex-data.s3.ap-southeast-1.amazonaws.com/data/sequencing_data/fastq/SGNex_NCC24_directRNA_replicate1_run1/SGNex_NCC24_directRNA_replicate1_run1.fastq.gz	https://sg-nex-data.s3.ap-southeast-1.amazonaws.com/data/sequencing_data/bam/genome/SGNex_NCC24_directRNA_replicate1_run1/SGNex_NCC24_directRNA_replicate1_run1.bam	https://sg-nex-data.s3.ap-southeast-1.amazonaws.com/data/sequencing_data/bam/transcriptome/SGNex_NCC24_directRNA_replicate1_run1/SGNex_NCC24_directRNA_replicate1_run1.bam	https://sg-nex-data.s3.ap-southeast-1.amazonaws.com/data/sequencing_data/genome_browser_data/bigbed/SGNex_NCC24_directRNA_replicate1_run1.bigbed	https://sg-nex-data.s3.ap-southeast-1.amazonaws.com/data/sequencing_data/genome_browser_data/bigwig/SGNex_NCC24_directRNA_replicate1_run1.bigwig
															
*albacore-GIS may represent multiple versions of albacore,  which are not tracked.															